-- MySQL dump 10.13  Distrib 5.7.16, for Linux (x86_64)
--
-- Host: 204.77.0.232    Database: noodle
-- ------------------------------------------------------
-- Server version	5.5.53-0ubuntu0.14.04.1

/*!40101 SET @OLD_CHARACTER_SET_CLIENT=@@CHARACTER_SET_CLIENT */;
/*!40101 SET @OLD_CHARACTER_SET_RESULTS=@@CHARACTER_SET_RESULTS */;
/*!40101 SET @OLD_COLLATION_CONNECTION=@@COLLATION_CONNECTION */;
/*!40101 SET NAMES utf8 */;
/*!40103 SET @OLD_TIME_ZONE=@@TIME_ZONE */;
/*!40103 SET TIME_ZONE='+00:00' */;
/*!40014 SET @OLD_UNIQUE_CHECKS=@@UNIQUE_CHECKS, UNIQUE_CHECKS=0 */;
/*!40014 SET @OLD_FOREIGN_KEY_CHECKS=@@FOREIGN_KEY_CHECKS, FOREIGN_KEY_CHECKS=0 */;
/*!40101 SET @OLD_SQL_MODE=@@SQL_MODE, SQL_MODE='NO_AUTO_VALUE_ON_ZERO' */;
/*!40111 SET @OLD_SQL_NOTES=@@SQL_NOTES, SQL_NOTES=0 */;

--
-- Table structure for table `addresses`
--

DROP TABLE IF EXISTS `addresses`;
/*!40101 SET @saved_cs_client     = @@character_set_client */;
/*!40101 SET character_set_client = utf8 */;
CREATE TABLE `addresses` (
  `id` int(10) unsigned NOT NULL AUTO_INCREMENT,
  `orders_id` int(10) unsigned NOT NULL,
  `address` varchar(255) COLLATE utf8_unicode_ci NOT NULL,
  `suburb` varchar(255) COLLATE utf8_unicode_ci NOT NULL,
  `city` varchar(255) COLLATE utf8_unicode_ci NOT NULL,
  `fee` double(8,2) NOT NULL,
  `created_at` timestamp NULL DEFAULT NULL,
  `updated_at` timestamp NULL DEFAULT NULL,
  PRIMARY KEY (`id`),
  KEY `addresses_orders_id_foreign` (`orders_id`),
  CONSTRAINT `addresses_orders_id_foreign` FOREIGN KEY (`orders_id`) REFERENCES `orders` (`id`) ON DELETE CASCADE
) ENGINE=InnoDB AUTO_INCREMENT=141 DEFAULT CHARSET=utf8 COLLATE=utf8_unicode_ci;
/*!40101 SET character_set_client = @saved_cs_client */;

--
-- Dumping data for table `addresses`
--

LOCK TABLES `addresses` WRITE;
/*!40000 ALTER TABLE `addresses` DISABLE KEYS */;
INSERT INTO `addresses` VALUES (13,325,'2 sloane place Taradale','Napier','Napier',1.00,'2017-01-21 08:25:41','2017-01-21 08:25:41'),(14,326,'2 sloane place Taradale','Napier','Napier',1.00,'2017-01-21 10:04:54','2017-01-21 10:04:54'),(15,327,'2 sloane place Taradale','Napier','Napier',0.00,'2017-01-21 10:09:22','2017-01-21 10:09:22'),(16,328,'12 sloane place Taradale','Napier','Napier',0.00,'2017-01-21 10:12:09','2017-01-21 10:12:09'),(17,329,'2 sloane place Taradale','Napier','Napier',1.00,'2017-01-21 10:13:21','2017-01-21 10:13:21'),(22,335,'20 Chester st','Taradale ','Napier',6.00,'2017-02-06 00:26:01','2017-02-06 00:26:01'),(23,345,'5 Devon Street','Napier','Napier',3.00,'2017-03-04 01:24:17','2017-03-04 01:24:17'),(24,348,'65 puketapu  road','taradale','Napier',6.00,'2017-03-10 23:37:08','2017-03-10 23:37:08'),(25,349,'200 Gloucester Street ','Taradale ','Napier',3.00,'2017-03-11 22:45:30','2017-03-11 22:45:30'),(26,350,'16 Pembroke Street','Taradale ','Napier',6.00,'2017-03-12 22:34:39','2017-03-12 22:34:39'),(27,351,'255 Guppy Road ','Taradale','Napier',6.00,'2017-03-16 22:28:49','2017-03-16 22:28:49'),(28,352,'21A Park Road','Greenmeadows','Napier',9.00,'2017-03-18 21:35:11','2017-03-18 21:35:11'),(29,354,'51 Avenue Road','Greenmeadows ','Napier',6.00,'2017-03-18 22:43:55','2017-03-18 22:43:55'),(30,359,'200 Gloucester Street','Taradale','Napier',3.00,'2017-03-28 22:38:19','2017-03-28 22:38:19'),(31,360,'200 Gloucester Street','Taradale','Napier',3.00,'2017-03-28 22:40:19','2017-03-28 22:40:19'),(32,362,'21A Park Road','Greenmeadows','Napier',9.00,'2017-04-04 20:54:40','2017-04-04 20:54:40'),(33,364,'200 Gloucester Street ','Taradale ','Napier',3.00,'2017-04-06 22:01:05','2017-04-06 22:01:05'),(34,365,'429 Gloucester Street','Taradale','Napier',3.00,'2017-04-09 19:30:35','2017-04-09 19:30:35'),(35,366,'8 Mclaren Cres','Onekawa','Napier',24.00,'2017-04-12 18:39:45','2017-04-12 18:39:45'),(36,367,'51 Avenue Road','Greenmeadows ','Napier',6.00,'2017-04-13 23:04:48','2017-04-13 23:04:48'),(37,369,'17 Trent street ','Taradale','Napier',6.00,'2017-04-16 23:04:39','2017-04-16 23:04:39'),(38,370,'3/6 Peddie St','Napier','Napier',3.00,'2017-04-19 20:56:30','2017-04-19 20:56:30'),(39,371,'3/6 Peddie St','Napier','Napier',3.00,'2017-04-19 20:59:47','2017-04-19 20:59:47'),(40,376,'200 Gloucester Street ','Taradale ','Napier',3.00,'2017-04-20 21:57:43','2017-04-20 21:57:43'),(41,377,'200 Gloucester Street ','Taradale ','Napier',3.00,'2017-04-20 21:57:52','2017-04-20 21:57:52'),(42,378,'200 Gloucester Street ','Taradale ','Napier',3.00,'2017-04-20 21:59:31','2017-04-20 21:59:31'),(43,379,'429 Gloucester Street','Taradale','Napier',3.00,'2017-04-23 19:19:22','2017-04-23 19:19:22'),(45,382,'200 Gloucester Street','Taradale','Napier',3.00,'2017-04-27 22:25:53','2017-04-27 22:25:53'),(47,395,'21A Park Road','Greenmeadows','Napier',3.00,'2017-05-13 21:55:38','2017-05-13 21:55:38'),(48,396,'200 Gloucester Street ','Taradale ','Napier',3.00,'2017-05-13 22:17:16','2017-05-13 22:17:16'),(49,400,'65 puketapu road, taradale','taradale napier','Napier',3.00,'2017-05-19 23:07:50','2017-05-19 23:07:50'),(50,402,'46 balliol Avenue ','Pirimai ','Napier',15.00,'2017-05-21 23:25:33','2017-05-21 23:25:33'),(51,403,'51 Avenue Road ','Greenmeadows ','Napier',3.00,'2017-05-25 22:50:24','2017-05-25 22:50:24'),(52,404,'51 Avenue Road ','Greenmeadows ','Napier',3.00,'2017-05-25 22:53:36','2017-05-25 22:53:36'),(53,406,'46 balliol Avenue ','Pirimai ','Napier',15.00,'2017-05-26 23:37:07','2017-05-26 23:37:07'),(54,408,'200 Gloucester Street','Taradale ','Napier',3.00,'2017-06-02 22:18:49','2017-06-02 22:18:49'),(55,416,'200 Gloucester Street ','Taradale ','Napier',3.00,'2017-06-14 22:17:16','2017-06-14 22:17:16'),(56,420,'51 Avenue Road','Greenmeadows ','Napier',3.00,'2017-06-21 22:28:10','2017-06-21 22:28:10'),(57,421,'1/2 Church Road','Taradale ','Napier',3.00,'2017-06-22 16:14:19','2017-06-22 16:14:19'),(58,422,'1/2 Church Road','Taradale ','Napier',3.00,'2017-06-22 16:19:48','2017-06-22 16:19:48'),(59,423,'200 Gloucester Street','Taradale','Napier',3.00,'2017-06-22 22:21:32','2017-06-22 22:21:32'),(60,424,'88 churchill drive','Taradale','Napier',0.00,'2017-06-22 22:58:29','2017-06-22 22:58:29'),(61,425,'46 balliol avenue ','Pirimai ','Napier',15.00,'2017-06-22 23:58:53','2017-06-22 23:58:53'),(62,433,'7 wilkie place, ','Greenmeadows ','Napier',3.00,'2017-06-29 00:43:55','2017-06-29 00:43:55'),(63,434,'7 wilkie place, ','Greenmeadows ','Napier',0.00,'2017-06-29 21:14:34','2017-06-29 21:14:34'),(64,436,'21A Park Road','Greenmeadows','Napier',3.00,'2017-07-01 22:08:14','2017-07-01 22:08:14'),(65,437,'200 Gloucester Street ','Taradale ','Napier',3.00,'2017-07-01 22:21:10','2017-07-01 22:21:10'),(66,441,'7b tyrone place ','Tamatea','Napier',12.00,'2017-07-09 20:35:30','2017-07-09 20:35:30'),(67,444,'28 Bowling road','Greenmeadows ','Napier',0.00,'2017-07-14 21:07:30','2017-07-14 21:07:30'),(70,449,'200 Gloucester Street','Taradale','Napier',3.00,'2017-07-19 22:30:22','2017-07-19 22:30:22'),(71,452,'46balliol ','Pirimai ','Napier',15.00,'2017-07-21 23:28:35','2017-07-21 23:28:35'),(72,453,'1/2 church road ','Taradale','Napier',3.00,'2017-07-22 23:26:11','2017-07-22 23:26:11'),(73,457,'144 Guppy road','Taradale','Napier',3.00,'2017-07-29 00:04:45','2017-07-29 00:04:45'),(74,460,'4 Robinson Cre','Napier','Napier',12.00,'2017-08-04 22:36:16','2017-08-04 22:36:16'),(75,461,'4 Robinson Cre','Napier','Napier',12.00,'2017-08-04 22:42:42','2017-08-04 22:42:42'),(76,462,'46 balliol avenue ','Pirimai ','Napier',15.00,'2017-08-05 00:23:35','2017-08-05 00:23:35'),(77,468,'200 Gloucester Street ','Taradale ','Napier',3.00,'2017-08-11 22:32:57','2017-08-11 22:32:57'),(78,469,'76 A Tait Drive ','Greenmeadows ','Napier',3.00,'2017-08-13 15:43:39','2017-08-13 15:43:39'),(79,470,'1/2 church road ','Taradale','Napier',0.00,'2017-08-13 22:17:25','2017-08-13 22:17:25'),(80,476,'200 Gloucester Street ','Taradale ','Napier',3.00,'2017-08-18 22:27:50','2017-08-18 22:27:50'),(81,477,'46balliol ','Pirimai ','Napier',15.00,'2017-08-19 00:23:13','2017-08-19 00:23:13'),(82,481,'200 Gloucester Street ','Taradale ','Napier',3.00,'2017-08-25 22:20:50','2017-08-25 22:20:50'),(83,484,'18 Whiting Crescent ','Greenmeadows ','Napier',3.00,'2017-09-01 21:47:30','2017-09-01 21:47:30'),(84,485,'18 Whiting Crescent ','Greenmeadows ','Napier',3.00,'2017-09-01 21:49:52','2017-09-01 21:49:52'),(85,487,'2 Avon Terrace ','Taradale','Napier',3.00,'2017-09-03 00:17:53','2017-09-03 00:17:53'),(87,489,'2 Avon Terrace ','Taradale','Napier',3.00,'2017-09-03 00:26:24','2017-09-03 00:26:24'),(88,490,'2 Avon Terrace ','Taradale','Napier',3.00,'2017-09-03 00:29:32','2017-09-03 00:29:32'),(89,496,'73 murphy rd Taradale','Taradale ','Napier',0.00,'2017-09-06 21:03:45','2017-09-06 21:03:45'),(90,500,'200 Gloucester Street ','Taradale ','Napier',0.00,'2017-09-08 22:46:02','2017-09-08 22:46:02'),(91,501,'2, Avon Terrace ','Taradale','Napier',3.00,'2017-09-08 22:53:21','2017-09-08 22:53:21'),(92,502,'429 glousester street','taradale ','Napier',3.00,'2017-09-09 20:35:08','2017-09-09 20:35:08'),(93,503,'429 glousester street','taradale','Napier',3.00,'2017-09-09 22:41:15','2017-09-09 22:41:15'),(94,504,'429 Gloucester street','Taradale ','Napier',3.00,'2017-09-10 15:42:49','2017-09-10 15:42:49'),(95,505,'429 Gloucester street','Taradale ','Napier',3.00,'2017-09-10 15:46:11','2017-09-10 15:46:11'),(96,509,'200 Gloucester Street ','Taradale ','Napier',3.00,'2017-09-15 22:33:03','2017-09-15 22:33:03'),(97,510,'76 A Tait Drive ','Greenmeadows ','Napier',3.00,'2017-09-17 20:54:52','2017-09-17 20:54:52'),(98,511,'1/2 church road ','Taradale','Napier',3.00,'2017-09-17 21:33:38','2017-09-17 21:33:38'),(99,515,'200 Gloucester Street ','Taradale ','Napier',3.00,'2017-09-22 22:46:28','2017-09-22 22:46:28'),(100,516,'1/2 church road','Taradale','Napier',0.00,'2017-09-24 00:25:19','2017-09-24 00:25:19'),(102,518,'429 Gloucester street ','taradale ','Napier',3.00,'2017-09-26 22:54:47','2017-09-26 22:54:47'),(103,519,'46 balliol ave','Pirimai','Napier',15.00,'2017-09-27 23:51:13','2017-09-27 23:51:13'),(104,520,'200 Gloucester Street ','Taradale ','Napier',3.00,'2017-09-28 22:30:20','2017-09-28 22:30:20'),(105,563,'73 Avondale Road','Taradale','Napier',0.00,'2017-12-01 22:49:41','2017-12-01 22:49:41'),(106,564,'1/2 church road','Taradale','Napier',3.00,'2017-12-03 00:07:41','2017-12-03 00:07:41'),(107,565,'65 puketapu road  taradale','taradale napier','Napier',3.00,'2017-12-03 00:12:59','2017-12-03 00:12:59'),(108,569,'200 Gloucester Street, Taradale','Napier','Napier',3.00,'2017-12-12 23:25:08','2017-12-12 23:25:08'),(109,570,'7c Peddie Street ','Taradale','Napier',3.00,'2017-12-13 14:40:08','2017-12-13 14:40:08'),(110,571,'3/166 Gloucester Street','Taradale','Napier',0.00,'2017-12-14 16:19:34','2017-12-14 16:19:34'),(111,572,'10, O\'Dowd rd','Taradale','Napier',3.00,'2017-12-14 19:59:51','2017-12-14 19:59:51'),(112,575,'73 Avondale Road','Napier','Napier',0.00,'2017-12-15 22:47:10','2017-12-15 22:47:10'),(113,577,'183 Westminster Avenue','Napier','Napier',15.00,'2017-12-16 23:42:06','2017-12-16 23:42:06'),(114,580,'200 Gloucester Street, Taradale','Napier','Napier',3.00,'2017-12-20 23:21:00','2017-12-20 23:21:00'),(115,582,'65 puketapu rd','Taradale','Napier',3.00,'2017-12-22 23:47:37','2017-12-22 23:47:37'),(116,583,'65 puketapu rd','Taradale','Napier',3.00,'2017-12-22 23:50:30','2017-12-22 23:50:30'),(117,586,'51 Avenue Road ','Greenmeadows ','Napier',3.00,'2017-12-24 00:10:50','2017-12-24 00:10:50'),(118,587,'51 Avenue Road ','Greenmeadows ','Napier',3.00,'2017-12-24 00:10:50','2017-12-24 00:10:50'),(119,588,'51 Avenue Road ','Greenmeadows ','Napier',3.00,'2017-12-24 00:10:56','2017-12-24 00:10:56'),(120,589,'51 Avenue Road ','Greenmeadows ','Napier',3.00,'2017-12-24 00:10:58','2017-12-24 00:10:58'),(121,590,'51 Avenue Road ','Greenmeadows ','Napier',3.00,'2017-12-24 00:10:59','2017-12-24 00:10:59'),(122,591,'51 Avenue Road ','Greenmeadows ','Napier',3.00,'2017-12-24 00:10:59','2017-12-24 00:10:59'),(123,592,'51 Avenue Road ','Greenmeadows ','Napier',3.00,'2017-12-24 00:11:03','2017-12-24 00:11:03'),(124,593,'51 Avenue Road ','Greenmeadows ','Napier',3.00,'2017-12-24 00:11:04','2017-12-24 00:11:04'),(125,594,'51 Avenue Road ','Greenmeadows ','Napier',3.00,'2017-12-24 00:11:04','2017-12-24 00:11:04'),(126,595,'51 Avenue Road ','Greenmeadows ','Napier',3.00,'2017-12-24 00:11:04','2017-12-24 00:11:04'),(127,596,'51 Avenue Road ','Greenmeadows ','Napier',3.00,'2017-12-24 00:11:26','2017-12-24 00:11:26'),(128,597,'51 Avenue Road ','Greenmeadows ','Napier',3.00,'2017-12-24 00:11:28','2017-12-24 00:11:28'),(129,598,'51 Avenue Road ','Greenmeadows ','Napier',3.00,'2017-12-24 00:11:53','2017-12-24 00:11:53'),(130,599,'51 Avenue Road ','Greenmeadows ','Napier',3.00,'2017-12-24 00:12:00','2017-12-24 00:12:00'),(131,600,'51 Avenue Road ','Greenmeadows ','Napier',3.00,'2017-12-24 00:12:40','2017-12-24 00:12:40'),(132,601,'51 Avenue Road ','Greenmeadows ','Napier',3.00,'2017-12-24 00:13:37','2017-12-24 00:13:37'),(133,602,'51 Avenue Road ','Greenmeadows ','Napier',3.00,'2017-12-24 00:13:40','2017-12-24 00:13:40'),(134,603,'51 Avenue Road ','Greenmeadows ','Napier',3.00,'2017-12-24 00:13:43','2017-12-24 00:13:43'),(135,604,'51 Avenue Road ','Greenmeadows ','Napier',3.00,'2017-12-24 00:13:50','2017-12-24 00:13:50'),(136,605,'51 Avenue Road ','Greenmeadows ','Napier',3.00,'2017-12-24 00:15:25','2017-12-24 00:15:25'),(137,606,'51 Avenue road','Greenmeadows ','Napier',3.00,'2017-12-24 00:20:28','2017-12-24 00:20:28'),(138,607,'40 Murphy rd','Taradale','Napier',3.00,'2017-12-24 00:42:47','2017-12-24 00:42:47'),(139,608,'40 Murphy rd','Taradale','Napier',3.00,'2017-12-24 00:44:04','2017-12-24 00:44:04'),(140,609,'40 Murphy rd','Taradale','Napier',3.00,'2017-12-24 00:45:58','2017-12-24 00:45:58');
/*!40000 ALTER TABLE `addresses` ENABLE KEYS */;
UNLOCK TABLES;

--
-- Table structure for table `area`
--

DROP TABLE IF EXISTS `area`;
/*!40101 SET @saved_cs_client     = @@character_set_client */;
/*!40101 SET character_set_client = utf8 */;
CREATE TABLE `area` (
  `id` int(10) unsigned NOT NULL AUTO_INCREMENT,
  `name` varchar(255) COLLATE utf8_unicode_ci NOT NULL,
  `label` varchar(255) COLLATE utf8_unicode_ci NOT NULL,
  PRIMARY KEY (`id`)
) ENGINE=InnoDB DEFAULT CHARSET=utf8 COLLATE=utf8_unicode_ci;
/*!40101 SET character_set_client = @saved_cs_client */;

--
-- Dumping data for table `area`
--

LOCK TABLES `area` WRITE;
/*!40000 ALTER TABLE `area` DISABLE KEYS */;
/*!40000 ALTER TABLE `area` ENABLE KEYS */;
UNLOCK TABLES;

--
-- Table structure for table `assumption_record`
--

DROP TABLE IF EXISTS `assumption_record`;
/*!40101 SET @saved_cs_client     = @@character_set_client */;
/*!40101 SET character_set_client = utf8 */;
CREATE TABLE `assumption_record` (
  `id` int(10) unsigned NOT NULL AUTO_INCREMENT,
  `user_id` int(10) unsigned NOT NULL,
  `point` int(11) NOT NULL,
  `created_at` datetime NOT NULL,
  PRIMARY KEY (`id`),
  KEY `assumption_record_user_id_foreign` (`user_id`),
  CONSTRAINT `assumption_record_user_id_foreign` FOREIGN KEY (`user_id`) REFERENCES `users` (`id`) ON DELETE CASCADE
) ENGINE=InnoDB DEFAULT CHARSET=utf8 COLLATE=utf8_unicode_ci;
/*!40101 SET character_set_client = @saved_cs_client */;

--
-- Dumping data for table `assumption_record`
--

LOCK TABLES `assumption_record` WRITE;
/*!40000 ALTER TABLE `assumption_record` DISABLE KEYS */;
/*!40000 ALTER TABLE `assumption_record` ENABLE KEYS */;
UNLOCK TABLES;

--
-- Table structure for table `blacklists`
--

DROP TABLE IF EXISTS `blacklists`;
/*!40101 SET @saved_cs_client     = @@character_set_client */;
/*!40101 SET character_set_client = utf8 */;
CREATE TABLE `blacklists` (
  `id` int(10) unsigned NOT NULL AUTO_INCREMENT,
  `ip` varchar(255) COLLATE utf8_unicode_ci NOT NULL,
  `reason` varchar(255) COLLATE utf8_unicode_ci DEFAULT NULL,
  `created_at` timestamp NULL DEFAULT NULL,
  `updated_at` timestamp NULL DEFAULT NULL,
  PRIMARY KEY (`id`)
) ENGINE=InnoDB DEFAULT CHARSET=utf8 COLLATE=utf8_unicode_ci;
/*!40101 SET character_set_client = @saved_cs_client */;

--
-- Dumping data for table `blacklists`
--

LOCK TABLES `blacklists` WRITE;
/*!40000 ALTER TABLE `blacklists` DISABLE KEYS */;
/*!40000 ALTER TABLE `blacklists` ENABLE KEYS */;
UNLOCK TABLES;

--
-- Table structure for table `catalogue_dishes`
--

DROP TABLE IF EXISTS `catalogue_dishes`;
/*!40101 SET @saved_cs_client     = @@character_set_client */;
/*!40101 SET character_set_client = utf8 */;
CREATE TABLE `catalogue_dishes` (
  `catalogue_id` int(10) unsigned NOT NULL,
  `dishes_id` int(10) unsigned NOT NULL,
  PRIMARY KEY (`catalogue_id`,`dishes_id`),
  KEY `dishes_catalogues_dishes_id_foreign` (`dishes_id`),
  CONSTRAINT `dishes_catalogues_catalogue_id_foreign` FOREIGN KEY (`catalogue_id`) REFERENCES `catalogues` (`id`) ON DELETE CASCADE,
  CONSTRAINT `dishes_catalogues_dishes_id_foreign` FOREIGN KEY (`dishes_id`) REFERENCES `dishes` (`id`) ON DELETE CASCADE
) ENGINE=InnoDB DEFAULT CHARSET=utf8 COLLATE=utf8_unicode_ci;
/*!40101 SET character_set_client = @saved_cs_client */;

--
-- Dumping data for table `catalogue_dishes`
--

LOCK TABLES `catalogue_dishes` WRITE;
/*!40000 ALTER TABLE `catalogue_dishes` DISABLE KEYS */;
INSERT INTO `catalogue_dishes` VALUES (1,1),(2,1),(2,2),(2,3),(1,4),(2,4),(2,5),(2,6),(2,7),(1,8),(2,8),(2,9),(5,10),(5,11),(6,12),(7,15),(8,16),(1,17),(2,17),(2,20),(2,21),(2,22),(2,23),(2,24),(2,25),(2,26),(2,27),(2,28),(2,29),(2,30),(2,31),(2,32),(6,33),(6,34),(6,35),(5,36),(5,37),(1,38),(5,38),(2,39),(2,40),(5,41),(5,42),(5,43),(5,44),(5,45),(5,46),(2,47),(2,48),(5,49),(2,50),(5,51),(2,52),(5,53),(6,54),(7,55),(7,56),(7,58),(7,59),(7,60),(7,62),(7,63),(7,65),(7,66),(7,67),(7,68);
/*!40000 ALTER TABLE `catalogue_dishes` ENABLE KEYS */;
UNLOCK TABLES;

--
-- Table structure for table `catalogues`
--

DROP TABLE IF EXISTS `catalogues`;
/*!40101 SET @saved_cs_client     = @@character_set_client */;
/*!40101 SET character_set_client = utf8 */;
CREATE TABLE `catalogues` (
  `id` int(10) unsigned NOT NULL AUTO_INCREMENT,
  `users_id` int(10) unsigned NOT NULL,
  `type_id` int(10) unsigned NOT NULL,
  `name` varchar(255) COLLATE utf8_unicode_ci NOT NULL,
  `ranking` int(11) DEFAULT NULL,
  `description` text COLLATE utf8_unicode_ci NOT NULL,
  `created_at` timestamp NULL DEFAULT NULL,
  `updated_at` timestamp NULL DEFAULT NULL,
  PRIMARY KEY (`id`),
  KEY `catalogues_user_id_foreign` (`users_id`),
  KEY `catalogues_type_id_foreign` (`type_id`),
  CONSTRAINT `catalogues_type_id_foreign` FOREIGN KEY (`type_id`) REFERENCES `types` (`id`) ON DELETE CASCADE,
  CONSTRAINT `catalogues_user_id_foreign` FOREIGN KEY (`users_id`) REFERENCES `users` (`id`) ON DELETE CASCADE
) ENGINE=InnoDB AUTO_INCREMENT=9 DEFAULT CHARSET=utf8 COLLATE=utf8_unicode_ci;
/*!40101 SET character_set_client = @saved_cs_client */;

--
-- Dumping data for table `catalogues`
--

LOCK TABLES `catalogues` WRITE;
/*!40000 ALTER TABLE `catalogues` DISABLE KEYS */;
INSERT INTO `catalogues` VALUES (1,1,2,'Pop Dishes',1,'popular dish','2016-03-11 10:44:54','2016-03-14 12:10:33'),(2,1,2,'noodles',2,'noodles dishes','2016-03-11 10:46:50','2017-01-06 09:05:59'),(5,1,2,'rice',3,'rice dishes','2017-01-06 09:28:43','2017-01-06 09:28:43'),(6,1,2,'soups',4,'Soups  DIshes','2017-01-06 09:50:16','2017-01-06 09:50:16'),(7,1,3,'snack&drinks',6,'snack and drinks ','2017-01-06 09:56:49','2017-01-09 23:41:26'),(8,1,3,'chips',5,'chips snack','2017-01-06 09:58:21','2017-01-09 23:41:19');
/*!40000 ALTER TABLE `catalogues` ENABLE KEYS */;
UNLOCK TABLES;

--
-- Table structure for table `coupons`
--

DROP TABLE IF EXISTS `coupons`;
/*!40101 SET @saved_cs_client     = @@character_set_client */;
/*!40101 SET character_set_client = utf8 */;
CREATE TABLE `coupons` (
  `id` int(10) unsigned NOT NULL AUTO_INCREMENT,
  `orders_id` int(10) unsigned DEFAULT NULL,
  `code` varchar(255) COLLATE utf8_unicode_ci NOT NULL,
  `title` varchar(255) COLLATE utf8_unicode_ci NOT NULL,
  `value` decimal(10,2) NOT NULL,
  `photo_path` varchar(255) COLLATE utf8_unicode_ci DEFAULT NULL,
  `email` varchar(255) COLLATE utf8_unicode_ci NOT NULL,
  `used` tinyint(1) NOT NULL,
  `used_time` timestamp NULL DEFAULT NULL,
  `expired_time` timestamp NULL DEFAULT NULL,
  `created_at` timestamp NULL DEFAULT NULL,
  `updated_at` timestamp NULL DEFAULT NULL,
  PRIMARY KEY (`id`),
  UNIQUE KEY `coupons_code_unique` (`code`),
  KEY `coupons_orders_id_foreign` (`orders_id`),
  CONSTRAINT `coupons_orders_id_foreign` FOREIGN KEY (`orders_id`) REFERENCES `orders` (`id`) ON DELETE CASCADE
) ENGINE=InnoDB AUTO_INCREMENT=19 DEFAULT CHARSET=utf8 COLLATE=utf8_unicode_ci;
/*!40101 SET character_set_client = @saved_cs_client */;

--
-- Dumping data for table `coupons`
--

LOCK TABLES `coupons` WRITE;
/*!40000 ALTER TABLE `coupons` DISABLE KEYS */;
INSERT INTO `coupons` VALUES (2,NULL,'8f5Wvi','Noodle Canteen Taradale Coupon',5.00,'images/coupon/8f5Wvi.jpg','yeweicao@gmail.com',0,NULL,'2018-06-19 04:00:00','2017-06-19 03:50:21','2017-06-19 03:50:21'),(3,NULL,'H7Pr7c','Noodle Canteen Taradale Coupon',5.00,'images/coupon/H7Pr7c.jpg','lizisakiwi@gmail.com',0,NULL,'2018-06-19 04:00:00','2017-06-19 03:52:33','2017-06-19 03:52:33'),(4,NULL,'7sDqh3','Noodle Canteen Taradale Coupon',5.00,'images/coupon/7sDqh3.jpg','lachyclair@hotmail.com',0,NULL,'2018-06-19 04:00:00','2017-06-19 03:52:33','2017-06-19 03:52:33'),(5,NULL,'2Z48pk','Noodle Canteen Taradale Coupon',5.00,'images/coupon/2Z48pk.jpg','sammy.mcdowall@yahoo.co.nz',0,NULL,'2018-06-23 04:00:00','2017-06-23 03:38:12','2017-06-23 03:38:12'),(6,NULL,'uOHgzv','Noodle Canteen Taradale Coupon',5.00,'images/coupon/uOHgzv.jpg','rororingia@outlook.com',0,NULL,'2018-07-08 04:00:00','2017-07-08 01:45:19','2017-07-08 01:45:19'),(7,NULL,'N5kpS1','Noodle Canteen Taradale Coupon',5.00,'images/coupon/N5kpS1.jpg','lizisakiwi@gmail.com',0,NULL,'2018-07-20 04:00:00','2017-07-19 23:30:25','2017-07-19 23:30:25'),(8,NULL,'daJ2LB','Noodle Canteen Taradale Coupon',5.00,'images/coupon/daJ2LB.jpg','rochelleallan@live.com',0,NULL,'2018-07-21 04:00:00','2017-07-20 23:24:43','2017-07-20 23:24:43'),(9,NULL,'90Qn7t','Noodle Canteen Taradale Coupon',5.00,'images/coupon/90Qn7t.jpg','stormeaton@yahoo.co.nz',0,NULL,'2018-08-08 04:00:00','2017-08-07 23:17:17','2017-08-07 23:17:17'),(10,NULL,'hH2mzq','Noodle Canteen Taradale Coupon',5.00,'images/coupon/hH2mzq.jpg','ja.barnes@hotmail.com',0,NULL,'2018-08-22 04:00:00','2017-08-21 23:34:35','2017-08-21 23:34:35'),(11,NULL,'DcZeUh','Noodle Canteen Taradale Coupon',5.00,'images/coupon/DcZeUh.jpg','lizisakiwi@gmail.com',0,NULL,'2018-08-29 04:00:00','2017-08-29 02:11:03','2017-08-29 02:11:03'),(12,NULL,'U9aLAC','Noodle Canteen Taradale Coupon',5.00,'images/coupon/U9aLAC.jpg','lizisakiwi@gmail.com',0,NULL,'2018-09-16 04:00:00','2017-09-16 00:33:30','2017-09-16 00:33:30'),(13,NULL,'OnWeHp','Noodle Canteen Taradale Coupon',5.00,'images/coupon/OnWeHp.jpg','jennamabey@windowslive.com',0,NULL,'2018-09-19 04:00:00','2017-09-19 00:09:06','2017-09-19 00:09:06'),(14,NULL,'OwiovZ','Noodle Canteen Taradale Coupon',5.00,'images/coupon/OwiovZ.jpg','lachyclair@hotmail.com',0,NULL,'2018-12-12 05:00:00','2017-12-12 01:14:00','2017-12-12 01:14:00'),(15,NULL,'qmTHmH','Noodle Canteen Taradale Coupon',5.00,'images/coupon/qmTHmH.jpg','lizisakiwi@gmail.com',0,NULL,'2018-12-12 05:00:00','2017-12-12 01:14:00','2017-12-12 01:14:00'),(16,NULL,'6TfICY','Noodle Canteen Taradale Coupon',5.00,'images/coupon/6TfICY.jpg','clintonrclarke@gmail.com',0,NULL,'2018-12-12 05:00:00','2017-12-12 01:14:18','2017-12-12 01:14:18'),(17,NULL,'9bXr3E','Noodle Canteen Taradale Coupon',5.00,'images/coupon/9bXr3E.jpg','vmb@xtra.co.nz',0,NULL,'2018-12-12 05:00:00','2017-12-12 01:14:19','2017-12-12 01:14:19'),(18,NULL,'G49DCS','Noodle Canteen Taradale Coupon',5.00,'images/coupon/G49DCS.jpg','rororingia@outlook.com',0,NULL,'2018-12-12 05:00:00','2017-12-12 01:14:28','2017-12-12 01:14:28');
/*!40000 ALTER TABLE `coupons` ENABLE KEYS */;
UNLOCK TABLES;

--
-- Table structure for table `dishes`
--

DROP TABLE IF EXISTS `dishes`;
/*!40101 SET @saved_cs_client     = @@character_set_client */;
/*!40101 SET character_set_client = utf8 */;
CREATE TABLE `dishes` (
  `id` int(10) unsigned NOT NULL AUTO_INCREMENT,
  `name` varchar(255) COLLATE utf8_unicode_ci NOT NULL,
  `mgroup_id` int(10) unsigned NOT NULL,
  `number` int(11) NOT NULL,
  `ranking` int(11) DEFAULT NULL,
  `price` double(8,2) NOT NULL,
  `description` text COLLATE utf8_unicode_ci NOT NULL,
  `consumptionpoint` double(8,2) NOT NULL,
  `photo_name` varchar(255) COLLATE utf8_unicode_ci DEFAULT NULL,
  `photo_path` varchar(255) COLLATE utf8_unicode_ci DEFAULT NULL,
  `photo_thumbnail_path` varchar(255) COLLATE utf8_unicode_ci DEFAULT NULL,
  `valid` tinyint(1) NOT NULL,
  `created_at` timestamp NULL DEFAULT NULL,
  `updated_at` timestamp NULL DEFAULT NULL,
  PRIMARY KEY (`id`),
  UNIQUE KEY `dishes_number_unique` (`number`),
  KEY `dishes_mgroup_id_foreign` (`mgroup_id`),
  CONSTRAINT `dishes_mgroup_id_foreign` FOREIGN KEY (`mgroup_id`) REFERENCES `mgroups` (`id`) ON DELETE CASCADE
) ENGINE=InnoDB AUTO_INCREMENT=69 DEFAULT CHARSET=utf8 COLLATE=utf8_unicode_ci;
/*!40101 SET character_set_client = @saved_cs_client */;

--
-- Dumping data for table `dishes`
--

LOCK TABLES `dishes` WRITE;
/*!40000 ALTER TABLE `dishes` DISABLE KEYS */;
INSERT INTO `dishes` VALUES (1,'Satay Chicken',1,1,2,13.50,'Egg noodles with chicken and fresh vegetables in a satay sauce.',13.20,'bac27cdd10653a072c0dc76d8cb01da60ef2acf4.jpg','images/dish_photos/bac27cdd10653a072c0dc76d8cb01da60ef2acf4.jpg','images/dish_photos/tn-bac27cdd10653a072c0dc76d8cb01da60ef2acf4.jpg',1,'2016-01-28 01:34:44','2017-01-23 19:42:29'),(2,'Hokkien Mee',1,2,3,12.80,'Egg noodles with roast pork, shrimp, bean sprouts, onion, bok choy & spring onions in a dark soy & mild chilli sauce.',13.20,'2b421c30acb67e32298f17f402cd61c1ea283478.jpg','images/dish_photos/2b421c30acb67e32298f17f402cd61c1ea283478.jpg','images/dish_photos/tn-2b421c30acb67e32298f17f402cd61c1ea283478.jpg',1,'2016-01-28 01:43:40','2017-01-23 19:42:40'),(3,'Fried Kuai Teow',1,3,3,12.80,'Thick rice noodles with roast pork, shrimp, bean sprouts, onions, carrots, spring onions in a dark soy and chili sauce. ',13.20,'2f66a09ec0f04081b78a2c0142f4a74fa56b90eb.jpg','images/dish_photos/2f66a09ec0f04081b78a2c0142f4a74fa56b90eb.jpg','images/dish_photos/tn-2f66a09ec0f04081b78a2c0142f4a74fa56b90eb.jpg',1,'2016-01-28 01:47:44','2017-01-23 19:42:55'),(4,'Combination Noodles',1,4,5,13.80,'Egg noodles with prawn, beef, pork and chicken served with fresh and crispy vegetables in an oyster sauce.',13.80,'1d2fc119691c31f269f2aee4a5246b52c312c48e.jpg','images/dish_photos/1d2fc119691c31f269f2aee4a5246b52c312c48e.jpg','images/dish_photos/tn-1d2fc119691c31f269f2aee4a5246b52c312c48e.jpg',1,'2016-01-28 01:49:00','2017-01-23 19:43:23'),(5,'Black Bean Beef',1,5,6,12.80,'Egg noodles with beef and fresh vegetables in a popular black bean sauce.',13.20,'d16d059c9451f6b92d46c388546bcac7f1c8aec7.jpg','images/dish_photos/d16d059c9451f6b92d46c388546bcac7f1c8aec7.jpg','images/dish_photos/tn-d16d059c9451f6b92d46c388546bcac7f1c8aec7.jpg',1,'2016-01-28 01:49:54','2017-01-23 19:43:36'),(6,'Singapore Fried Noodles',1,6,7,13.50,'Thin rice noodles with roast pork, shrimp, bean sprouts, onions, carrots and spring onions in a light curry sauce.',13.20,'8b51c0123a0c6037fcbb849005d1a6f24c22f4d2.jpg','images/dish_photos/8b51c0123a0c6037fcbb849005d1a6f24c22f4d2.jpg','images/dish_photos/tn-8b51c0123a0c6037fcbb849005d1a6f24c22f4d2.jpg',1,'2016-01-28 01:51:04','2017-01-23 19:43:59'),(7,'Sweet Box',1,7,8,12.80,'Egg noodles with roast pork, chicken, beef, pineapple, tomato and fresh vegetables in a special sweet sauce.',13.20,'e83a85b15e882e2c83cc0a8c54a8564a9a5e91bc.jpg','images/dish_photos/e83a85b15e882e2c83cc0a8c54a8564a9a5e91bc.jpg','images/dish_photos/tn-e83a85b15e882e2c83cc0a8c54a8564a9a5e91bc.jpg',1,'2016-01-28 01:52:17','2016-01-28 01:52:17'),(8,'Hot Box',1,8,9,13.50,'Egg noodles with roast pork, chicken, beef and fresh vegetables in a Thai chili sauce.',13.20,'2b7e64ce30f773caebda89a9837cc966fc4bf4fc.jpg','images/dish_photos/2b7e64ce30f773caebda89a9837cc966fc4bf4fc.jpg','images/dish_photos/tn-2b7e64ce30f773caebda89a9837cc966fc4bf4fc.jpg',1,'2016-01-28 01:55:32','2017-01-23 19:44:19'),(9,'Teriyaki',1,9,9,13.50,'Udon noodles with chicken, onion, bean sprouts, carrots, spring onion and bok choy in a Japanese Teriyaki sauce.',13.20,'660a6df79dc45d5a4bf75e03bd9b0e9cc0701373.jpg','images/dish_photos/660a6df79dc45d5a4bf75e03bd9b0e9cc0701373.jpg','images/dish_photos/tn-660a6df79dc45d5a4bf75e03bd9b0e9cc0701373.jpg',1,'2016-03-14 12:13:06','2017-01-23 19:44:36'),(10,'Special Fried Rice',2,28,28,13.50,'Traditional fried rice comprising of shrimp, roast pork, bean sprouts, onions, carrots, spring onions and peas.',13.20,'65e1c65ba34243b3e35a8da089c8c56b6dbf0409.jpg','images/dish_photos/65e1c65ba34243b3e35a8da089c8c56b6dbf0409.jpg','images/dish_photos/tn-65e1c65ba34243b3e35a8da089c8c56b6dbf0409.jpg',1,'2017-01-06 09:48:55','2017-01-06 09:48:55'),(11,'Sambal Fried Rice',1,29,29,13.50,'Malaysian style fried rice with chicken, bean sprouts, onions, carrots, spring onions and peas in a Sambal sauce.',13.20,'d51b779a68df720d544b3050eeb7e219ca89d986.jpg','images/dish_photos/d51b779a68df720d544b3050eeb7e219ca89d986.jpg','images/dish_photos/tn-d51b779a68df720d544b3050eeb7e219ca89d986.jpg',1,'2017-01-06 09:49:46','2017-01-07 11:11:08'),(12,'Vegetarian Soup',3,24,24,12.50,'Egg noodles with tofu, mushrooms and fresh vegetables served in a soup.',12.50,'f9b566982da5d1c64d61de103629505ba7907596.jpg','images/dish_photos/f9b566982da5d1c64d61de103629505ba7907596.jpg','images/dish_photos/tn-f9b566982da5d1c64d61de103629505ba7907596.jpg',1,'2017-01-06 09:51:19','2017-02-14 04:48:53'),(15,'Coco Cola Can',3,88,1,2.50,'Coca Cola Can',2.50,'ce89e2ef55b4fb07bcb68faeefec0ea1880d4c23.jpg','images/dish_photos/ce89e2ef55b4fb07bcb68faeefec0ea1880d4c23.jpg','images/dish_photos/tn-ce89e2ef55b4fb07bcb68faeefec0ea1880d4c23.jpg',1,'2017-01-06 10:00:21','2017-01-23 19:44:49'),(16,'chips',3,89,89,4.50,'They are salty and tangy at the same time. You can definitely season them with your favorite spices before serving. ',4.50,'72ffc036fc628fd15e9fa8148597e2ba5cf6c95a.jpg','images/dish_photos/72ffc036fc628fd15e9fa8148597e2ba5cf6c95a.jpg','images/dish_photos/tn-72ffc036fc628fd15e9fa8148597e2ba5cf6c95a.jpg',1,'2017-01-06 10:14:02','2017-01-19 08:48:28'),(17,'Seafood Mee Goreng',1,10,10,14.80,'Egg noodles with prawns, calamari, fish cakes, crab meat, tofu and fresh vegetables in an Indonesian style sauce.',14.80,'0f4b0aaf7dc980249acfec6b64da050d6e6713fb.jpg','images/dish_photos/0f4b0aaf7dc980249acfec6b64da050d6e6713fb.jpg','images/dish_photos/tn-0f4b0aaf7dc980249acfec6b64da050d6e6713fb.jpg',1,'2017-01-07 11:09:08','2017-01-07 11:09:08'),(20,'Thai Sweet Chilli Beef',1,11,11,12.80,'Egg noodles with beef and fresh vegetables in a sweet Thai chili sauce',13.20,'d1d69564fb2586cac84197c4ad3c2d8753295b8a.jpg','images/dish_photos/d1d69564fb2586cac84197c4ad3c2d8753295b8a.jpg','images/dish_photos/tn-d1d69564fb2586cac84197c4ad3c2d8753295b8a.jpg',1,'2017-01-07 11:11:12','2017-01-07 11:11:12'),(21,'Sambal Chicken',1,12,12,13.50,'Thin rice noodles with chicken and vegetables in a Malaysian Sambal sauce.',13.20,'15abef70f78cafbb234e355f21e19f7fb4ff49e9.jpg','images/dish_photos/15abef70f78cafbb234e355f21e19f7fb4ff49e9.jpg','images/dish_photos/tn-15abef70f78cafbb234e355f21e19f7fb4ff49e9.jpg',1,'2017-01-07 11:15:01','2017-01-07 11:15:01'),(22,'Mongolian Beef',1,13,13,13.50,'Mongolian Beef',13.20,'0eb547ad415cdf3c48e9887cad4223c389920080.jpg','images/dish_photos/0eb547ad415cdf3c48e9887cad4223c389920080.jpg','images/dish_photos/tn-0eb547ad415cdf3c48e9887cad4223c389920080.jpg',1,'2017-01-07 11:16:12','2017-01-07 11:16:12'),(23,'Thai Curry Chicken',1,14,14,12.80,'Thin rice noodles with chicken, tomato and fresh vegetables in a spicy Thai curry sauce.',13.20,'1f0ff4d73961d51809e1009f1e0386303056c854.jpg','images/dish_photos/1f0ff4d73961d51809e1009f1e0386303056c854.jpg','images/dish_photos/tn-1f0ff4d73961d51809e1009f1e0386303056c854.jpg',1,'2017-01-07 11:17:15','2017-01-07 11:17:15'),(24,'BBQ Pork',1,15,15,13.50,'Egg noodles with roast pork, tomato and fresh vegetables in a Chinese barbeque sauce.',13.20,'dbf7ef33acecf7da593a31d67fe578484e994fe6.jpg','images/dish_photos/dbf7ef33acecf7da593a31d67fe578484e994fe6.jpg','images/dish_photos/tn-dbf7ef33acecf7da593a31d67fe578484e994fe6.jpg',1,'2017-01-07 11:18:24','2017-01-07 11:18:24'),(25,'Garlic Prawns',1,16,16,15.80,'Egg noodles with king prawns and fresh vegetables in a delicious garlic sauce.',15.80,'403e9c17dfeabd74b74b82ae56a2d5c62e9ff1f9.jpg','images/dish_photos/403e9c17dfeabd74b74b82ae56a2d5c62e9ff1f9.jpg','images/dish_photos/tn-403e9c17dfeabd74b74b82ae56a2d5c62e9ff1f9.jpg',1,'2017-01-07 11:19:17','2017-01-07 11:19:17'),(26,'Honey Chicken Noodles',1,17,17,13.50,'Battered chicken in honey with wok tossed noodles and vegetables.',13.20,'d47e320ec151c7ce94dc476ace658dce7ef8fb2a.jpg','images/dish_photos/d47e320ec151c7ce94dc476ace658dce7ef8fb2a.jpg','images/dish_photos/tn-d47e320ec151c7ce94dc476ace658dce7ef8fb2a.jpg',1,'2017-01-07 11:19:59','2017-01-07 11:19:59'),(27,'Chilli Beef',1,18,18,12.80,'Egg noodles with beef, fresh vegetables in a chili sauce.',13.20,'aef82fba1cfae570df967149945445436fd30243.jpg','images/dish_photos/aef82fba1cfae570df967149945445436fd30243.jpg','images/dish_photos/tn-aef82fba1cfae570df967149945445436fd30243.jpg',1,'2017-01-07 11:20:39','2017-01-07 11:20:39'),(28,'Seafood Combination Noodles',1,19,19,14.80,'Egg noodle with prawns, calamari, fish cakes, crab meat and fresh vegetables in an oyster sauce.',14.80,'7a1f06a54ad168361960fce1b06f2115bc245320.jpg','images/dish_photos/7a1f06a54ad168361960fce1b06f2115bc245320.jpg','images/dish_photos/tn-7a1f06a54ad168361960fce1b06f2115bc245320.jpg',1,'2017-01-07 11:21:33','2017-01-07 11:21:33'),(29,'Chicken Chow Mee',1,20,20,12.80,'Egg noodles with chicken and fresh vegetables in a hot wok sizzling oyster sauce. ',13.20,'c263540109f3b00334ce84cb5b5e213040da2f11.jpg','images/dish_photos/c263540109f3b00334ce84cb5b5e213040da2f11.jpg','images/dish_photos/tn-c263540109f3b00334ce84cb5b5e213040da2f11.jpg',1,'2017-01-07 11:22:17','2017-01-07 11:22:17'),(30,'Vegetarian Soy Noodles',1,21,21,12.50,'Egg noodles mixed with tofu, mushrooms and fresh vegetables in a dark soy sauce.',12.50,'f43afc0041056900db6aaa1738989c7fb213afd7.jpg','images/dish_photos/f43afc0041056900db6aaa1738989c7fb213afd7.jpg','images/dish_photos/tn-f43afc0041056900db6aaa1738989c7fb213afd7.jpg',1,'2017-01-07 23:49:38','2017-01-07 23:49:38'),(31,'Vegetarian Mee Goreng',1,22,22,12.50,'Egg noodles with tofu, mushrooms, tomato and fresh vegetables in an Indonesian style sauce.',12.50,'1a7953920e4bab3e804bcd4d44288fc8c887f6cc.jpg','images/dish_photos/1a7953920e4bab3e804bcd4d44288fc8c887f6cc.jpg','images/dish_photos/tn-1a7953920e4bab3e804bcd4d44288fc8c887f6cc.jpg',1,'2017-01-07 23:50:24','2017-01-07 23:50:24'),(32,'Vegetarian Singapore Noodles',1,23,23,12.50,'Thin rice noodles mixed with tofu, mushrooms and fresh vegetables in a light curry sauce.',12.50,'841cf9b1ce1bd7ab53cbca1cedf009c00e09dade.jpg','images/dish_photos/841cf9b1ce1bd7ab53cbca1cedf009c00e09dade.jpg','images/dish_photos/tn-841cf9b1ce1bd7ab53cbca1cedf009c00e09dade.jpg',1,'2017-01-07 23:51:17','2017-01-07 23:51:17'),(33,'Combination Soup',3,25,25,13.80,'Egg noodles with prawns, beef, pork and chicken served with fresh vegetables in a chicken soup.',13.80,'d2d7ca7372ddc19a1032fc74a8e83a4e89a5b3a8.jpg','images/dish_photos/d2d7ca7372ddc19a1032fc74a8e83a4e89a5b3a8.jpg','images/dish_photos/tn-d2d7ca7372ddc19a1032fc74a8e83a4e89a5b3a8.jpg',1,'2017-01-07 23:52:40','2017-01-22 22:25:59'),(34,'Curry Laksa',3,26,26,12.80,'Egg noodles with prawns, crab meat, chicken, tofu and fresh vegetables in a coconut curry soup.',13.20,'15ddac0b93eb3c9dbe14a0d7d21c922dbdc8ad67.jpg','images/dish_photos/15ddac0b93eb3c9dbe14a0d7d21c922dbdc8ad67.jpg','images/dish_photos/tn-15ddac0b93eb3c9dbe14a0d7d21c922dbdc8ad67.jpg',1,'2017-01-07 23:53:30','2017-01-22 22:25:44'),(35,'Tom Yum',3,27,27,12.80,'Rice noodles with chicken, tomato, pineapple and fresh vegetables in a Thai hot and sour soup.',13.20,'e07e5e678230a37ea7fd652f2d5acf60552b938e.jpg','images/dish_photos/e07e5e678230a37ea7fd652f2d5acf60552b938e.jpg','images/dish_photos/tn-e07e5e678230a37ea7fd652f2d5acf60552b938e.jpg',1,'2017-01-07 23:54:07','2017-01-22 22:26:30'),(36,'Nasi Goreng',1,30,30,13.50,'Malaysian style fried rice with roast pork, bean sprouts, onions, carrots and peas.',13.20,'8a00ad18511d7a7593a7bf9b147abf778f64536e.jpg','images/dish_photos/8a00ad18511d7a7593a7bf9b147abf778f64536e.jpg','images/dish_photos/tn-8a00ad18511d7a7593a7bf9b147abf778f64536e.jpg',1,'2017-01-07 23:55:20','2017-01-07 23:55:20'),(37,'Seafood Nasi Goreng',1,31,31,14.80,'Malaysian style fried rice with a combination of seafood, beans sprouts, onions, carrots, spring onions and peas.',14.80,'0c3872fa3c315d1600e6316c9dc79d0e3601aaf3.jpg','images/dish_photos/0c3872fa3c315d1600e6316c9dc79d0e3601aaf3.jpg','images/dish_photos/tn-0c3872fa3c315d1600e6316c9dc79d0e3601aaf3.jpg',1,'2017-01-07 23:56:00','2017-01-07 23:56:00'),(38,'Honey Chicken Fried Rice',2,32,32,13.50,'Battered chicken in a honey sauce with wok tossed fried rice and vegetables.',13.20,'7bb5c354f2bdb2c2a4b66b11069bdc77e213bade.jpg','images/dish_photos/7bb5c354f2bdb2c2a4b66b11069bdc77e213bade.jpg','images/dish_photos/tn-7bb5c354f2bdb2c2a4b66b11069bdc77e213bade.jpg',1,'2017-01-07 23:56:45','2017-01-22 22:27:16'),(39,'Cashew Chicken Chow Mee',1,34,34,13.80,'Egg noodles with chicken and cashew and fresh vegetables in a hot wok sizzling oyster sauce. ',13.80,'bef562f9f9a7f2f0fe2a692d912d48c625682980.jpg','images/dish_photos/bef562f9f9a7f2f0fe2a692d912d48c625682980.jpg','images/dish_photos/tn-bef562f9f9a7f2f0fe2a692d912d48c625682980.jpg',1,'2017-02-11 15:59:10','2017-07-08 01:54:43'),(40,'Canteen Noodle',1,33,33,13.00,'Udon noodle with king prawns, chicken veges in hot sizzling canteen sauce.',13.80,'94e5087c25a6d9cf5ff3a57e623a3e7603f13901.jpg','images/dish_photos/94e5087c25a6d9cf5ff3a57e623a3e7603f13901.jpg','images/dish_photos/tn-94e5087c25a6d9cf5ff3a57e623a3e7603f13901.jpg',1,'2017-02-12 05:37:41','2017-02-12 05:37:41'),(41,'Combination Fired Rice',2,35,35,13.80,'Traditional rice dish with prawns, beef, pork and chicken served with fresh and crispy veges.',13.80,'2d72cedeb7b737835c5cdb2fa6f6a3f43150950a.jpg','images/dish_photos/2d72cedeb7b737835c5cdb2fa6f6a3f43150950a.jpg','images/dish_photos/tn-2d72cedeb7b737835c5cdb2fa6f6a3f43150950a.jpg',1,'2017-02-12 05:47:08','2017-02-12 05:47:08'),(42,'Malaysia Fired Rice',2,36,36,13.50,'Traditional rice dish comprising pork and shrimps, onion, carrots and peas.',13.20,'934e3850eeb473020fa3dcb75d4d4d86734db063.jpg','images/dish_photos/934e3850eeb473020fa3dcb75d4d4d86734db063.jpg','images/dish_photos/tn-934e3850eeb473020fa3dcb75d4d4d86734db063.jpg',1,'2017-02-12 05:50:28','2017-02-12 15:07:37'),(43,'Chicken Fried Rice',2,37,37,12.80,'Traditional rice dish with chicken, onion, carrots and peas.',13.20,'51024bb24eb23bc389bd2d9a07bb1eb168eca539.jpg','images/dish_photos/51024bb24eb23bc389bd2d9a07bb1eb168eca539.jpg','images/dish_photos/tn-51024bb24eb23bc389bd2d9a07bb1eb168eca539.jpg',1,'2017-02-12 14:43:58','2017-02-17 05:02:01'),(44,'Vegetable Fired Rice',2,39,39,12.50,'Tranditional rice with onion, broccoli, carrots, muchroom, baby corns and peas.',12.50,'015edc4026afa8cc07370a96bf0e257eee9eec72.jpg','images/dish_photos/015edc4026afa8cc07370a96bf0e257eee9eec72.jpg','images/dish_photos/tn-015edc4026afa8cc07370a96bf0e257eee9eec72.jpg',1,'2017-02-12 15:05:28','2017-02-17 04:59:58'),(45,'King Prawns Fried Rice',1,38,38,15.80,'Tranditional rice dish comprising king prawns, shrimps, onion, carrot and peas.',15.80,'8d51acae6bfede48ccc970bf83cd9fee159e36f0.jpg','images/dish_photos/8d51acae6bfede48ccc970bf83cd9fee159e36f0.jpg','images/dish_photos/tn-8d51acae6bfede48ccc970bf83cd9fee159e36f0.jpg',1,'2017-02-12 15:09:21','2017-02-12 15:09:21'),(46,'Shrimps Fried Rice',2,50,50,13.80,'Tranditional rice dish comprising king  shrimps, onion, carrot and peas.',13.80,'eba3557ff93f9ca23eb834c74676236815897a40.jpg','images/dish_photos/eba3557ff93f9ca23eb834c74676236815897a40.jpg','images/dish_photos/tn-eba3557ff93f9ca23eb834c74676236815897a40.jpg',1,'2017-02-12 15:19:20','2017-02-12 15:19:20'),(47,'XO udon',1,48,48,14.80,'Seafood in XO sauce with wok toss udon noodle and fresh vegs.',14.80,'18c8c164fcfd7b02d7fc7e9f729d856f7a213e05.jpg','images/dish_photos/18c8c164fcfd7b02d7fc7e9f729d856f7a213e05.jpg','images/dish_photos/tn-18c8c164fcfd7b02d7fc7e9f729d856f7a213e05.jpg',1,'2017-02-17 04:56:58','2017-02-17 04:56:58'),(48,'Sweet Chilli Chicken Noodles',1,47,47,13.50,'Batter chicken in original sweet chilli sauce with wok toss noodle and veges',13.20,'9405cb5044ff9effdd3c3c5eadda7454e0919ba2.jpg','images/dish_photos/9405cb5044ff9effdd3c3c5eadda7454e0919ba2.jpg','images/dish_photos/tn-9405cb5044ff9effdd3c3c5eadda7454e0919ba2.jpg',1,'2017-02-17 04:58:28','2017-02-17 04:58:28'),(49,'Sweet Chilli Chicken Fried Rice',2,49,49,13.50,'Batter chicken in original sweet chilli sauce with fried rice and fresh veg',13.20,'1a5ef69e9da3f780e12d7fe5d375fe42add284a4.jpg','images/dish_photos/1a5ef69e9da3f780e12d7fe5d375fe42add284a4.jpg','images/dish_photos/tn-1a5ef69e9da3f780e12d7fe5d375fe42add284a4.jpg',1,'2017-02-17 05:01:19','2017-02-17 05:01:47'),(50,'Honey King Prawns Noodles',1,40,40,15.80,'Batter prawns in honey sauce with wok toss noodle and veges',15.80,'61e2b0d68f5b400925f0129707201dc4bfe1e710.jpg','images/dish_photos/61e2b0d68f5b400925f0129707201dc4bfe1e710.jpg','images/dish_photos/tn-61e2b0d68f5b400925f0129707201dc4bfe1e710.jpg',1,'2017-02-17 05:30:37','2017-02-17 05:30:37'),(51,'Honey King prawns Fried Rice',2,41,41,15.80,'Batter prawns in honey sauce with wok toss fried rice and veges',15.80,'f255e4640f156430657e75e00dcbd52fae6a457b.jpg','images/dish_photos/f255e4640f156430657e75e00dcbd52fae6a457b.jpg','images/dish_photos/tn-f255e4640f156430657e75e00dcbd52fae6a457b.jpg',1,'2017-02-17 05:31:47','2017-02-17 05:31:47'),(52,'Sweet Sour Pork Noodles',1,42,42,13.50,'Batter Pork in original sweet sour sauce with Noodles and fresh veges',13.20,'62569aecd82b108b62b1d7f363aa0f72707a082b.jpg','images/dish_photos/62569aecd82b108b62b1d7f363aa0f72707a082b.jpg','images/dish_photos/tn-62569aecd82b108b62b1d7f363aa0f72707a082b.jpg',1,'2017-02-20 19:35:18','2017-07-21 04:02:45'),(53,'Sweet Sour Pork Fried Rice',2,43,43,13.50,'Batter Pork in original sweet sour sauce with Fried Rice and fresh veges',13.20,'970fb6de0bb568b497f7f551cd03605090a72c6e.jpg','images/dish_photos/970fb6de0bb568b497f7f551cd03605090a72c6e.jpg','images/dish_photos/tn-970fb6de0bb568b497f7f551cd03605090a72c6e.jpg',1,'2017-02-20 19:36:29','2017-07-21 04:03:07'),(54,'Wonton Soups',3,51,51,13.80,'Egg noodles with BBQ pork served with fresh vegetables in a wonton soup.',13.80,'3df6f373c535141e92bf0b77afec9830a0323e92.jpg','images/dish_photos/3df6f373c535141e92bf0b77afec9830a0323e92.jpg','images/dish_photos/tn-3df6f373c535141e92bf0b77afec9830a0323e92.jpg',1,'2017-02-20 21:10:26','2017-02-20 21:10:26'),(55,'Half Dozen Deep Wontons',3,52,52,4.50,'Made of prawns, pork, flour, egg, water, and salt with sweet sour sauce.',4.50,'09d0740736b50ca4f97b80c546c2e62cb1cdcbc7.jpg','images/dish_photos/09d0740736b50ca4f97b80c546c2e62cb1cdcbc7.jpg','images/dish_photos/tn-09d0740736b50ca4f97b80c546c2e62cb1cdcbc7.jpg',1,'2017-02-20 21:34:50','2017-02-20 21:37:54'),(56,'Dozen Deep Wontons',3,53,53,9.00,'Made of prawns, pork, flour, egg, water, and salt with sweet sour sauce.',9.00,'9b29d5b6494bc1c4a91b1d0ecabfba142e1f7b39.jpg','images/dish_photos/9b29d5b6494bc1c4a91b1d0ecabfba142e1f7b39.jpg','images/dish_photos/tn-9b29d5b6494bc1c4a91b1d0ecabfba142e1f7b39.jpg',1,'2017-02-20 21:35:52','2017-02-20 21:37:10'),(58,'Coco Cola 425ml',3,90,90,4.50,'Coco Cola 425ml',4.50,'dfe72851280c2172881e1807227411da92d95657.jpg','images/dish_photos/dfe72851280c2172881e1807227411da92d95657.jpg','images/dish_photos/tn-dfe72851280c2172881e1807227411da92d95657.jpg',1,'2017-02-21 00:07:01','2017-02-21 00:07:01'),(59,'Coco Cola 1.5L',3,91,91,4.50,'Coco Cola 1.5 liter',4.50,'c535af852722d94c2175d7342ec407ce96e8021a.jpg','images/dish_photos/c535af852722d94c2175d7342ec407ce96e8021a.jpg','images/dish_photos/tn-c535af852722d94c2175d7342ec407ce96e8021a.jpg',1,'2017-02-21 00:08:40','2017-02-21 00:08:40'),(60,'L&P 425ml',3,92,92,4.50,'L&P 425ml',4.50,'2108209bda04b269c2a3f18cf762924265f74b5e.jpg','images/dish_photos/2108209bda04b269c2a3f18cf762924265f74b5e.jpg','images/dish_photos/tn-2108209bda04b269c2a3f18cf762924265f74b5e.jpg',1,'2017-02-21 00:13:18','2017-02-21 00:13:18'),(61,'L&P 1.5L',3,93,93,4.50,'L&P 1.5L',4.50,'f900cf61224d42c39665b50f2ec16fb46c00388b.png','images/dish_photos/f900cf61224d42c39665b50f2ec16fb46c00388b.png','images/dish_photos/tn-f900cf61224d42c39665b50f2ec16fb46c00388b.png',1,'2017-02-21 00:13:49','2017-02-21 00:13:49'),(62,'Coco Cola Zero 425ml',3,94,94,4.50,'Coco Cola Zero 425ml',4.50,'f20de612236934cda437cac1f9e0accb3741b19b.jpg','images/dish_photos/f20de612236934cda437cac1f9e0accb3741b19b.jpg','images/dish_photos/tn-f20de612236934cda437cac1f9e0accb3741b19b.jpg',1,'2017-02-21 00:53:02','2017-02-21 00:53:02'),(63,'Coco Cola Zero 1.5L',3,95,95,4.50,'Coco Cola Zero 1.5L',4.50,'e849b26cdd74adb44694f709308fbd8be0a49301.jpg','images/dish_photos/e849b26cdd74adb44694f709308fbd8be0a49301.jpg','images/dish_photos/tn-e849b26cdd74adb44694f709308fbd8be0a49301.jpg',1,'2017-02-21 00:53:43','2017-02-21 00:53:43'),(65,'Half Dozen Chicken Wings',3,54,54,4.50,'6 Deep Fried Chicken Wings',4.50,'f1d20a0aa56b7cb933160da1aeda4a44ee8d71a4.jpg','images/dish_photos/f1d20a0aa56b7cb933160da1aeda4a44ee8d71a4.jpg','images/dish_photos/tn-f1d20a0aa56b7cb933160da1aeda4a44ee8d71a4.jpg',1,'2017-02-25 05:23:01','2017-02-25 05:23:01'),(66,'Dozen Chicken Wings',3,55,55,9.00,'Dozen of  Chicken Wings',9.00,'77b93b3601e22e04ae28527d596ced7e459f3ea5.jpg','images/dish_photos/77b93b3601e22e04ae28527d596ced7e459f3ea5.jpg','images/dish_photos/tn-77b93b3601e22e04ae28527d596ced7e459f3ea5.jpg',1,'2017-02-25 05:25:50','2017-02-25 05:25:50'),(67,'Chicken Wings & Chips Combo',3,56,56,9.00,'Half dozen chicken wings and chips with seet sour sauce',9.00,'bd4d2af54c03fe07f99211862979672b00dafc4c.jpg','images/dish_photos/bd4d2af54c03fe07f99211862979672b00dafc4c.jpg','images/dish_photos/tn-bd4d2af54c03fe07f99211862979672b00dafc4c.jpg',1,'2017-02-25 05:28:31','2017-07-21 04:05:06'),(68,'Chicken Wings Chips and drinks Combo',3,57,57,12.00,'Half dozen chicken wings and chips with seet sour sauce, a can coco cola',9.00,'f86dcbb7f1cc5c087fc6c5e6f1ff60059177f7ab.jpg','images/dish_photos/f86dcbb7f1cc5c087fc6c5e6f1ff60059177f7ab.jpg','images/dish_photos/tn-f86dcbb7f1cc5c087fc6c5e6f1ff60059177f7ab.jpg',1,'2017-02-25 05:31:29','2017-07-21 04:04:58');
/*!40000 ALTER TABLE `dishes` ENABLE KEYS */;
UNLOCK TABLES;

--
-- Table structure for table `dishes_material`
--

DROP TABLE IF EXISTS `dishes_material`;
/*!40101 SET @saved_cs_client     = @@character_set_client */;
/*!40101 SET character_set_client = utf8 */;
CREATE TABLE `dishes_material` (
  `material_id` int(10) unsigned NOT NULL,
  `dishes_id` int(10) unsigned NOT NULL,
  PRIMARY KEY (`material_id`,`dishes_id`),
  KEY `dishes_material_dishes_id_foreign` (`dishes_id`),
  CONSTRAINT `dishes_material_dishes_id_foreign` FOREIGN KEY (`dishes_id`) REFERENCES `dishes` (`id`) ON DELETE CASCADE,
  CONSTRAINT `dishes_material_material_id_foreign` FOREIGN KEY (`material_id`) REFERENCES `materials` (`id`) ON DELETE CASCADE
) ENGINE=InnoDB DEFAULT CHARSET=utf8 COLLATE=utf8_unicode_ci;
/*!40101 SET character_set_client = @saved_cs_client */;

--
-- Dumping data for table `dishes_material`
--

LOCK TABLES `dishes_material` WRITE;
/*!40000 ALTER TABLE `dishes_material` DISABLE KEYS */;
INSERT INTO `dishes_material` VALUES (14,1),(22,1),(23,1),(5,2),(16,2),(22,2),(23,2),(5,3),(16,3),(22,3),(23,3),(5,4),(13,4),(14,4),(22,4),(23,4),(13,5),(22,5),(23,5),(5,6),(16,6),(22,6),(23,6),(5,7),(11,7),(13,7),(14,7),(22,7),(23,7),(5,8),(13,8),(14,8),(22,8),(23,8),(14,9),(22,9),(23,9),(5,10),(16,10),(14,11),(2,12),(3,12),(6,12),(7,12),(8,12),(9,12),(12,12),(22,12),(12,17),(15,17),(16,17),(17,17),(18,17),(22,17),(23,17),(13,20),(22,20),(23,20),(14,21),(22,21),(23,21),(13,22),(22,22),(23,22),(14,23),(22,23),(23,23),(5,24),(22,24),(23,24),(8,25),(9,25),(15,25),(16,25),(22,25),(23,25),(19,26),(22,26),(23,26),(13,27),(22,27),(23,27),(8,28),(9,28),(15,28),(16,28),(17,28),(18,28),(22,28),(23,28),(14,29),(22,29),(23,29),(8,30),(9,30),(12,30),(22,30),(8,31),(9,31),(12,31),(8,32),(9,32),(12,32),(22,32),(2,33),(3,33),(5,33),(6,33),(7,33),(8,33),(9,33),(13,33),(14,33),(15,33),(22,33),(2,34),(3,34),(6,34),(7,34),(12,34),(14,34),(15,34),(17,34),(22,34),(2,35),(3,35),(6,35),(7,35),(11,35),(14,35),(22,35),(5,36),(15,37),(16,37),(17,37),(18,37),(19,38),(9,39),(14,39),(14,40),(15,40),(22,40),(23,40),(5,41),(13,41),(14,41),(15,41),(5,42),(8,42),(16,42),(14,43),(6,44),(8,44),(9,44),(15,45),(16,45),(16,46),(15,47),(16,47),(17,47),(18,47),(25,48),(25,49),(21,50),(21,51),(20,52),(22,52),(20,53),(3,54),(5,54),(6,54),(26,54),(26,55),(26,56);
/*!40000 ALTER TABLE `dishes_material` ENABLE KEYS */;
UNLOCK TABLES;

--
-- Table structure for table `material_mgroup`
--

DROP TABLE IF EXISTS `material_mgroup`;
/*!40101 SET @saved_cs_client     = @@character_set_client */;
/*!40101 SET character_set_client = utf8 */;
CREATE TABLE `material_mgroup` (
  `mgroup_id` int(10) unsigned NOT NULL,
  `material_id` int(10) unsigned NOT NULL,
  PRIMARY KEY (`mgroup_id`,`material_id`),
  KEY `material_mgroup_material_id_foreign` (`material_id`),
  CONSTRAINT `material_mgroup_material_id_foreign` FOREIGN KEY (`material_id`) REFERENCES `materials` (`id`) ON DELETE CASCADE,
  CONSTRAINT `material_mgroup_mgroup_id_foreign` FOREIGN KEY (`mgroup_id`) REFERENCES `mgroups` (`id`) ON DELETE CASCADE
) ENGINE=InnoDB DEFAULT CHARSET=utf8 COLLATE=utf8_unicode_ci;
/*!40101 SET character_set_client = @saved_cs_client */;

--
-- Dumping data for table `material_mgroup`
--

LOCK TABLES `material_mgroup` WRITE;
/*!40000 ALTER TABLE `material_mgroup` DISABLE KEYS */;
INSERT INTO `material_mgroup` VALUES (1,1),(2,1),(1,2),(2,2),(1,3),(2,3),(1,6),(1,7),(2,7),(2,10);
/*!40000 ALTER TABLE `material_mgroup` ENABLE KEYS */;
UNLOCK TABLES;

--
-- Table structure for table `material_orderitems`
--

DROP TABLE IF EXISTS `material_orderitems`;
/*!40101 SET @saved_cs_client     = @@character_set_client */;
/*!40101 SET character_set_client = utf8 */;
CREATE TABLE `material_orderitems` (
  `id` int(10) unsigned NOT NULL AUTO_INCREMENT,
  `orderitems_id` int(10) unsigned NOT NULL,
  `material_id` int(10) unsigned NOT NULL,
  `type` varchar(255) COLLATE utf8_unicode_ci NOT NULL,
  `price` decimal(10,2) NOT NULL,
  PRIMARY KEY (`id`),
  KEY `material_orderitems_orderitems_id_foreign` (`orderitems_id`),
  KEY `material_orderitems_material_id_foreign` (`material_id`),
  CONSTRAINT `material_orderitems_material_id_foreign` FOREIGN KEY (`material_id`) REFERENCES `materials` (`id`) ON DELETE CASCADE,
  CONSTRAINT `material_orderitems_orderitems_id_foreign` FOREIGN KEY (`orderitems_id`) REFERENCES `orderitems` (`id`) ON DELETE CASCADE
) ENGINE=InnoDB AUTO_INCREMENT=194 DEFAULT CHARSET=utf8 COLLATE=utf8_unicode_ci;
/*!40101 SET character_set_client = @saved_cs_client */;

--
-- Dumping data for table `material_orderitems`
--

LOCK TABLES `material_orderitems` WRITE;
/*!40000 ALTER TABLE `material_orderitems` DISABLE KEYS */;
INSERT INTO `material_orderitems` VALUES (1,2,1,'takeout',0.00),(2,2,5,'extra',3.00),(3,3,2,'takeout',0.00),(4,4,1,'takeout',0.00),(9,29,2,'takeout',0.00),(10,42,5,'takeout',0.00),(11,44,13,'extra',3.00),(12,45,14,'extra',3.00),(13,48,1,'takeout',0.00),(14,51,1,'takeout',0.00),(15,55,19,'extra',3.00),(16,58,18,'takeout',0.00),(17,58,6,'extra',1.00),(18,59,3,'takeout',0.00),(19,59,10,'takeout',0.00),(20,60,3,'takeout',0.00),(21,60,10,'takeout',0.00),(22,62,2,'takeout',0.00),(23,62,1,'takeout',0.00),(24,62,9,'extra',1.00),(25,63,14,'extra',3.00),(26,64,14,'extra',3.00),(27,66,13,'extra',3.00),(28,66,13,'extra',3.00),(29,67,14,'extra',3.00),(30,68,13,'extra',3.00),(31,70,8,'takeout',0.00),(32,70,7,'takeout',0.00),(33,75,14,'extra',3.00),(34,76,13,'extra',3.00),(35,82,10,'takeout',0.00),(36,85,19,'extra',3.00),(37,104,14,'extra',3.00),(38,106,14,'extra',3.00),(39,112,14,'extra',3.00),(40,113,13,'extra',3.00),(42,121,1,'takeout',0.00),(43,121,2,'takeout',0.00),(44,121,9,'takeout',0.00),(45,121,15,'extra',3.20),(46,122,14,'extra',3.00),(47,125,1,'takeout',0.00),(48,140,14,'extra',3.00),(49,141,13,'extra',3.00),(50,150,8,'takeout',0.00),(51,158,19,'extra',3.00),(52,160,19,'extra',3.00),(53,167,14,'extra',3.00),(54,178,14,'extra',3.00),(55,179,13,'extra',3.00),(56,185,19,'extra',3.00),(57,188,14,'extra',3.00),(58,189,13,'extra',3.00),(59,207,3,'extra',1.00),(60,208,22,'takeout',0.00),(61,208,24,'extra',1.00),(62,214,19,'extra',3.00),(63,226,14,'extra',3.00),(64,227,13,'extra',3.00),(67,239,10,'takeout',0.00),(68,240,10,'takeout',0.00),(69,240,3,'takeout',0.00),(70,261,3,'extra',1.00),(71,263,3,'takeout',0.00),(72,263,7,'takeout',0.00),(73,263,5,'extra',3.00),(74,273,1,'takeout',0.00),(75,273,2,'takeout',0.00),(76,273,3,'takeout',0.00),(77,273,6,'takeout',0.00),(78,273,7,'takeout',0.00),(79,273,23,'takeout',0.00),(80,273,5,'extra',3.00),(81,280,8,'extra',1.00),(82,299,14,'extra',3.00),(83,300,13,'extra',3.00),(84,308,25,'extra',3.00),(85,309,1,'takeout',0.00),(86,309,2,'takeout',0.00),(87,309,3,'takeout',0.00),(88,318,14,'extra',3.00),(89,319,13,'extra',3.00),(90,329,14,'extra',3.00),(91,330,13,'extra',3.00),(92,343,10,'takeout',0.00),(93,346,10,'takeout',0.00),(94,355,16,'extra',3.00),(95,356,10,'takeout',0.00),(96,356,11,'extra',1.00),(97,357,10,'takeout',0.00),(98,357,11,'extra',1.00),(99,361,7,'takeout',0.00),(100,371,14,'extra',3.00),(101,372,13,'extra',3.00),(102,375,10,'takeout',0.00),(103,379,10,'takeout',0.00),(104,379,15,'takeout',0.00),(105,379,3,'takeout',0.00),(106,380,15,'takeout',0.00),(107,380,10,'takeout',0.00),(108,380,3,'takeout',0.00),(109,384,3,'takeout',0.00),(110,384,19,'extra',3.00),(111,386,14,'extra',3.00),(112,387,13,'extra',3.00),(113,394,1,'takeout',0.00),(114,395,15,'extra',3.20),(115,398,14,'extra',3.00),(116,399,13,'extra',3.00),(117,401,1,'takeout',0.00),(118,411,3,'takeout',0.00),(119,411,9,'extra',1.00),(120,412,14,'extra',3.00),(121,418,15,'extra',3.20),(122,419,1,'takeout',0.00),(123,424,9,'takeout',0.00),(124,424,8,'takeout',0.00),(125,425,10,'takeout',0.00),(126,425,8,'takeout',0.00),(127,427,14,'extra',3.00),(128,446,1,'takeout',0.00),(129,446,2,'takeout',0.00),(130,446,14,'extra',3.00),(131,453,15,'extra',3.20),(132,454,12,'extra',1.00),(133,455,12,'extra',1.00),(134,455,26,'extra',4.50),(135,456,5,'takeout',0.00),(136,456,24,'extra',1.00),(137,457,14,'extra',3.00),(138,458,13,'extra',3.00),(139,463,2,'takeout',0.00),(140,464,2,'takeout',0.00),(141,469,3,'takeout',0.00),(142,473,3,'extra',1.00),(143,474,15,'takeout',0.00),(144,475,12,'extra',1.00),(145,475,24,'extra',1.00),(146,476,14,'extra',3.00),(147,485,9,'extra',1.00),(148,485,15,'extra',3.20),(149,486,14,'extra',3.00),(150,487,15,'extra',3.20),(151,492,1,'takeout',0.00),(152,492,2,'takeout',0.00),(153,492,7,'takeout',0.00),(154,492,3,'takeout',0.00),(155,492,13,'extra',3.00),(156,492,11,'extra',1.00),(157,494,10,'takeout',0.00),(158,495,22,'takeout',0.00),(159,495,14,'extra',3.00),(160,496,22,'takeout',0.00),(161,496,13,'extra',3.00),(162,502,3,'takeout',0.00),(163,503,5,'extra',3.00),(164,504,22,'takeout',0.00),(165,504,14,'extra',3.00),(166,505,22,'takeout',0.00),(167,505,13,'extra',3.00),(168,510,20,'extra',3.00),(169,517,3,'takeout',0.00),(170,519,15,'takeout',0.00),(171,529,22,'takeout',0.00),(172,529,14,'extra',3.00),(173,530,22,'takeout',0.00),(174,530,13,'extra',3.00),(175,532,22,'takeout',0.00),(176,532,14,'extra',3.00),(177,533,22,'takeout',0.00),(178,533,13,'extra',3.00),(179,535,6,'takeout',0.00),(180,542,1,'takeout',0.00),(181,544,9,'extra',1.00),(182,555,5,'extra',3.00),(183,561,22,'takeout',0.00),(184,561,14,'extra',3.00),(185,562,22,'takeout',0.00),(186,562,13,'extra',3.00),(187,565,15,'takeout',0.00),(188,566,8,'takeout',0.00),(189,568,15,'takeout',0.00),(190,569,8,'takeout',0.00),(191,574,19,'extra',3.00),(192,576,19,'extra',3.00),(193,579,19,'extra',3.00);
/*!40000 ALTER TABLE `material_orderitems` ENABLE KEYS */;
UNLOCK TABLES;

--
-- Table structure for table `material_types`
--

DROP TABLE IF EXISTS `material_types`;
/*!40101 SET @saved_cs_client     = @@character_set_client */;
/*!40101 SET character_set_client = utf8 */;
CREATE TABLE `material_types` (
  `id` int(10) unsigned NOT NULL AUTO_INCREMENT,
  `name` varchar(255) COLLATE utf8_unicode_ci NOT NULL,
  `description` text COLLATE utf8_unicode_ci NOT NULL,
  `created_at` timestamp NOT NULL DEFAULT '0000-00-00 00:00:00',
  `updated_at` timestamp NOT NULL DEFAULT '0000-00-00 00:00:00',
  PRIMARY KEY (`id`)
) ENGINE=InnoDB AUTO_INCREMENT=5 DEFAULT CHARSET=utf8 COLLATE=utf8_unicode_ci;
/*!40101 SET character_set_client = @saved_cs_client */;

--
-- Dumping data for table `material_types`
--

LOCK TABLES `material_types` WRITE;
/*!40000 ALTER TABLE `material_types` DISABLE KEYS */;
INSERT INTO `material_types` VALUES (2,'Veges','Veges for dish','2016-03-11 10:06:49','2016-03-11 10:06:49'),(3,'Meat','Meat  for Noodle or Fired Rice','2016-03-11 10:23:50','2016-03-11 10:23:50'),(4,'Noodle','many kind of noodles','2017-02-14 14:56:04','2017-02-14 14:56:04');
/*!40000 ALTER TABLE `material_types` ENABLE KEYS */;
UNLOCK TABLES;

--
-- Table structure for table `materials`
--

DROP TABLE IF EXISTS `materials`;
/*!40101 SET @saved_cs_client     = @@character_set_client */;
/*!40101 SET character_set_client = utf8 */;
CREATE TABLE `materials` (
  `id` int(10) unsigned NOT NULL AUTO_INCREMENT,
  `material_type_id` int(10) unsigned NOT NULL,
  `name` varchar(255) COLLATE utf8_unicode_ci NOT NULL,
  `description` text COLLATE utf8_unicode_ci NOT NULL,
  `price` double(8,2) DEFAULT NULL,
  `photo_thumbnail_path` varchar(255) COLLATE utf8_unicode_ci DEFAULT NULL,
  `valid` tinyint(1) NOT NULL,
  `photo_name` varchar(255) COLLATE utf8_unicode_ci DEFAULT NULL,
  `photo_path` varchar(255) COLLATE utf8_unicode_ci DEFAULT NULL,
  `created_at` timestamp NULL DEFAULT NULL,
  `updated_at` timestamp NULL DEFAULT NULL,
  PRIMARY KEY (`id`),
  KEY `materials_material_type_id_foreign` (`material_type_id`),
  CONSTRAINT `materials_material_type_id_foreign` FOREIGN KEY (`material_type_id`) REFERENCES `material_types` (`id`) ON DELETE CASCADE
) ENGINE=InnoDB AUTO_INCREMENT=27 DEFAULT CHARSET=utf8 COLLATE=utf8_unicode_ci;
/*!40101 SET character_set_client = @saved_cs_client */;

--
-- Dumping data for table `materials`
--

LOCK TABLES `materials` WRITE;
/*!40000 ALTER TABLE `materials` DISABLE KEYS */;
INSERT INTO `materials` VALUES (1,2,'Onion','Flash Onion veges ',1.00,NULL,1,'',NULL,'2016-03-11 10:20:52','2017-02-14 15:18:12'),(2,2,'Cabbage','Flash Cabbage',1.00,NULL,1,'',NULL,'2016-03-11 10:21:21','2017-02-14 15:18:26'),(3,2,'Bak Choy','Flash Bak Choy',1.00,NULL,1,'',NULL,'2016-03-11 10:22:01','2017-02-14 15:18:33'),(4,2,'Spring Onion','Flash Spring Onion',1.00,NULL,1,'',NULL,'2016-03-11 10:24:20','2017-02-14 15:18:53'),(5,3,'Pork','Nice tasted Roast Pork ',3.00,NULL,1,'',NULL,'2016-03-11 10:26:29','2016-03-11 10:26:29'),(6,2,'Broccoli','Flash broccoli',1.00,NULL,1,'',NULL,'2017-01-22 22:03:13','2017-01-22 22:03:13'),(7,2,'Carrot','Flash Carrot',1.00,NULL,1,'',NULL,'2017-01-22 22:03:38','2017-01-22 22:03:38'),(8,2,'Corn','Flash corn',1.00,NULL,1,'',NULL,'2017-01-22 22:04:35','2017-01-22 22:04:35'),(9,2,'Muchroom','Flash muchroom',1.00,NULL,1,'',NULL,'2017-01-22 22:04:56','2017-01-22 22:04:56'),(10,2,'Peas','Flash Peas',1.00,NULL,1,'',NULL,'2017-01-22 22:05:18','2017-01-22 22:05:18'),(11,2,'Pineapple','Flash pineapple',1.00,NULL,1,'',NULL,'2017-01-22 22:05:58','2017-01-22 22:05:58'),(12,2,'Tofu','Fired Tofu',1.00,NULL,1,'',NULL,'2017-01-22 22:06:32','2017-01-22 22:06:32'),(13,3,'Beef','Flash Beef ',3.00,NULL,1,'',NULL,'2017-01-22 22:07:03','2017-01-22 22:07:03'),(14,3,'Chicken','Flash chicken',3.00,NULL,1,'',NULL,'2017-01-22 22:07:22','2017-01-22 22:09:25'),(15,3,'Prawns','3.2 dollars for 4 prawns',3.20,NULL,1,'',NULL,'2017-01-22 22:08:25','2017-01-22 22:09:32'),(16,3,'Shrimps','Flash Shrimps ',3.00,NULL,1,'',NULL,'2017-01-22 22:08:55','2017-01-22 22:09:39'),(17,3,'Crab stick','Flash Crab stick',1.00,NULL,1,'',NULL,'2017-01-22 22:09:15','2017-01-22 22:10:18'),(18,3,'Fish ball','Flash fish ball',1.00,NULL,1,'',NULL,'2017-01-22 22:10:11','2017-01-22 22:10:26'),(19,3,'Honey Chicken','Batter Honey Chicken for 3 dollars',3.00,NULL,1,'',NULL,'2017-01-22 22:10:53','2017-01-22 22:12:21'),(20,3,'Sweet Sour Pork','Batter Sweet Sour Pork',3.00,NULL,1,'',NULL,'2017-01-22 22:11:36','2017-01-22 22:12:29'),(21,3,'Honey King Prawns','4 Batter Honey King Prawns for 5 dollars',5.00,NULL,1,'',NULL,'2017-01-22 22:13:17','2017-01-22 22:13:17'),(22,4,'Noodle','noodle for the meals',0.00,NULL,1,'',NULL,'2017-02-14 14:56:29','2017-02-14 14:58:53'),(23,4,'vegetable','Add no vegetables for customers',1.00,NULL,1,'',NULL,'2017-02-14 14:57:33','2017-02-14 15:19:10'),(24,2,'Extra Veges','extra veges',1.00,NULL,1,'',NULL,'2017-02-14 15:15:24','2017-02-14 15:15:24'),(25,3,'Sweet Chilli Chicken','Batter chicken with sweet chilli sauce',3.00,NULL,1,'',NULL,'2017-02-17 04:59:14','2017-02-17 04:59:14'),(26,3,'Wonton','6 Deep Fried  Wontons',4.50,NULL,1,'',NULL,'2017-02-20 21:11:27','2017-02-20 21:11:27');
/*!40000 ALTER TABLE `materials` ENABLE KEYS */;
UNLOCK TABLES;

--
-- Table structure for table `mgroups`
--

DROP TABLE IF EXISTS `mgroups`;
/*!40101 SET @saved_cs_client     = @@character_set_client */;
/*!40101 SET character_set_client = utf8 */;
CREATE TABLE `mgroups` (
  `id` int(10) unsigned NOT NULL AUTO_INCREMENT,
  `name` varchar(255) COLLATE utf8_unicode_ci NOT NULL,
  `description` text COLLATE utf8_unicode_ci NOT NULL,
  `created_at` timestamp NULL DEFAULT NULL,
  `updated_at` timestamp NULL DEFAULT NULL,
  PRIMARY KEY (`id`)
) ENGINE=InnoDB AUTO_INCREMENT=4 DEFAULT CHARSET=utf8 COLLATE=utf8_unicode_ci;
/*!40101 SET character_set_client = @saved_cs_client */;

--
-- Dumping data for table `mgroups`
--

LOCK TABLES `mgroups` WRITE;
/*!40000 ALTER TABLE `mgroups` DISABLE KEYS */;
INSERT INTO `mgroups` VALUES (1,'Noodle Veges','Veges for Noodles','2016-03-11 10:22:50','2016-03-11 10:22:50'),(2,'FIred RIce ','Fired RIce Vegetable','2016-03-11 10:27:27','2016-03-11 10:27:27'),(3,'None','nothing else','2017-01-19 08:35:45','2017-01-19 08:35:45');
/*!40000 ALTER TABLE `mgroups` ENABLE KEYS */;
UNLOCK TABLES;

--
-- Table structure for table `migrations`
--

DROP TABLE IF EXISTS `migrations`;
/*!40101 SET @saved_cs_client     = @@character_set_client */;
/*!40101 SET character_set_client = utf8 */;
CREATE TABLE `migrations` (
  `migration` varchar(255) COLLATE utf8_unicode_ci NOT NULL,
  `batch` int(11) NOT NULL
) ENGINE=InnoDB DEFAULT CHARSET=utf8 COLLATE=utf8_unicode_ci;
/*!40101 SET character_set_client = @saved_cs_client */;

--
-- Dumping data for table `migrations`
--

LOCK TABLES `migrations` WRITE;
/*!40000 ALTER TABLE `migrations` DISABLE KEYS */;
INSERT INTO `migrations` VALUES ('2014_10_12_000000_create_users_table',1),('2014_10_12_100000_create_password_resets_table',1),('2015_10_12_043003_create_roles_tables',1),('2015_10_16_215158_create_dishes_table',1),('2015_10_17_214136_add_extention_to_users_table',1),('2016_03_14_224756_create_orders_table',2),('2016_07_13_001322_add_cashier_columns',3),('2016_10_20_090911_add_orders_to_users',5),('2016_11_26_000244_create_shop_table',6),('2017_01_12_091631_create_orderitems_table',7),('2017_04_29_154541_create_coupon_table',8);
/*!40000 ALTER TABLE `migrations` ENABLE KEYS */;
UNLOCK TABLES;

--
-- Table structure for table `orderitems`
--

DROP TABLE IF EXISTS `orderitems`;
/*!40101 SET @saved_cs_client     = @@character_set_client */;
/*!40101 SET character_set_client = utf8 */;
CREATE TABLE `orderitems` (
  `id` int(10) unsigned NOT NULL AUTO_INCREMENT,
  `orders_id` int(10) unsigned NOT NULL,
  `dishes_id` int(10) unsigned NOT NULL,
  `flavour` varchar(255) COLLATE utf8_unicode_ci NOT NULL,
  `amount` int(11) NOT NULL,
  `price` decimal(10,2) NOT NULL,
  `total` decimal(10,2) NOT NULL,
  `created_at` timestamp NULL DEFAULT NULL,
  `updated_at` timestamp NULL DEFAULT NULL,
  PRIMARY KEY (`id`),
  KEY `orderitems_orders_id_foreign` (`orders_id`),
  KEY `orderitems_dishes_id_foreign` (`dishes_id`),
  CONSTRAINT `orderitems_dishes_id_foreign` FOREIGN KEY (`dishes_id`) REFERENCES `dishes` (`id`) ON DELETE CASCADE,
  CONSTRAINT `orderitems_orders_id_foreign` FOREIGN KEY (`orders_id`) REFERENCES `orders` (`id`) ON DELETE CASCADE
) ENGINE=InnoDB AUTO_INCREMENT=586 DEFAULT CHARSET=utf8 COLLATE=utf8_unicode_ci;
/*!40101 SET character_set_client = @saved_cs_client */;

--
-- Dumping data for table `orderitems`
--

LOCK TABLES `orderitems` WRITE;
/*!40000 ALTER TABLE `orderitems` DISABLE KEYS */;
INSERT INTO `orderitems` VALUES (1,323,5,'',1,12.00,12.00,'2017-01-21 08:09:10','2017-01-21 08:09:10'),(2,324,1,'',1,15.00,15.00,'2017-01-21 08:22:58','2017-01-21 08:22:58'),(3,324,4,'',1,12.80,12.80,'2017-01-21 08:22:58','2017-01-21 08:22:58'),(4,325,4,'',1,12.80,12.80,'2017-01-21 08:25:41','2017-01-21 08:25:41'),(5,325,5,'',1,12.00,12.00,'2017-01-21 08:25:41','2017-01-21 08:25:41'),(6,325,16,'',1,4.50,4.50,'2017-01-21 08:25:41','2017-01-21 08:25:41'),(7,325,35,'',1,11.50,11.50,'2017-01-21 08:25:41','2017-01-21 08:25:41'),(8,325,34,'',1,12.50,12.50,'2017-01-21 08:25:41','2017-01-21 08:25:41'),(9,326,5,'',3,12.00,36.00,'2017-01-21 10:04:54','2017-01-21 10:04:54'),(10,327,38,'',3,12.50,37.50,'2017-01-21 10:09:22','2017-01-21 10:09:22'),(11,328,5,'',3,12.00,36.00,'2017-01-21 10:12:09','2017-01-21 10:12:09'),(12,329,5,'',1,12.00,12.00,'2017-01-21 10:13:21','2017-01-21 10:13:21'),(18,334,7,'',1,12.50,12.50,'2017-01-25 23:55:28','2017-01-25 23:55:28'),(19,334,26,'',1,12.50,12.50,'2017-01-25 23:55:28','2017-01-25 23:55:28'),(20,335,26,'',1,12.50,12.50,'2017-02-06 00:26:00','2017-02-06 00:26:00'),(21,335,1,'',1,12.50,12.50,'2017-02-06 00:26:00','2017-02-06 00:26:00'),(22,335,8,'',1,12.50,12.50,'2017-02-06 00:26:01','2017-02-06 00:26:01'),(25,338,39,'',1,13.00,13.00,'2017-02-14 15:55:03','2017-02-14 15:55:03'),(26,339,3,'',1,12.50,12.50,'2017-02-14 15:57:45','2017-02-14 15:57:45'),(27,340,6,'Mild',1,12.50,12.50,'2017-02-15 23:47:28','2017-02-15 23:47:28'),(28,340,8,'Hot',1,12.50,12.50,'2017-02-15 23:47:28','2017-02-15 23:47:28'),(29,341,1,'',1,12.50,12.50,'2017-02-18 22:24:01','2017-02-18 22:24:01'),(30,342,1,'Mild',1,12.50,12.50,'2017-02-18 22:51:24','2017-02-18 22:51:24'),(31,343,36,'',1,12.50,12.50,'2017-02-24 22:25:29','2017-02-24 22:25:29'),(32,343,38,'',1,12.50,12.50,'2017-02-24 22:25:29','2017-02-24 22:25:29'),(33,344,1,'',1,12.50,12.50,'2017-02-24 23:23:04','2017-02-24 23:23:04'),(34,344,5,'',1,12.50,12.50,'2017-02-24 23:23:04','2017-02-24 23:23:04'),(35,345,38,'',1,12.50,12.50,'2017-03-04 01:24:17','2017-03-04 01:24:17'),(36,345,53,'',1,12.50,12.50,'2017-03-04 01:24:17','2017-03-04 01:24:17'),(37,346,38,'',1,12.50,12.50,'2017-03-04 01:27:30','2017-03-04 01:27:30'),(38,346,53,'',1,12.50,12.50,'2017-03-04 01:27:30','2017-03-04 01:27:30'),(39,347,9,'',1,12.50,12.50,'2017-03-09 23:02:47','2017-03-09 23:02:47'),(40,347,38,'',1,12.50,12.50,'2017-03-09 23:02:47','2017-03-09 23:02:47'),(41,348,49,'Medium',1,12.50,12.50,'2017-03-10 23:37:08','2017-03-10 23:37:08'),(42,348,36,'Medium',1,12.50,12.50,'2017-03-10 23:37:08','2017-03-10 23:37:08'),(43,349,38,'',1,12.50,12.50,'2017-03-11 22:45:30','2017-03-11 22:45:30'),(44,349,20,'',1,15.50,15.50,'2017-03-11 22:45:30','2017-03-11 22:45:30'),(45,349,1,'',1,15.50,15.50,'2017-03-11 22:45:30','2017-03-11 22:45:30'),(46,350,23,'',1,12.50,12.50,'2017-03-12 22:34:39','2017-03-12 22:34:39'),(47,350,48,'',1,12.50,12.50,'2017-03-12 22:34:39','2017-03-12 22:34:39'),(48,350,53,'',1,12.50,12.50,'2017-03-12 22:34:39','2017-03-12 22:34:39'),(49,351,29,'',1,12.50,12.50,'2017-03-16 22:28:48','2017-03-16 22:28:48'),(50,351,10,'',1,12.50,12.50,'2017-03-16 22:28:48','2017-03-16 22:28:48'),(51,351,9,'',1,12.50,12.50,'2017-03-16 22:28:48','2017-03-16 22:28:48'),(52,352,50,'',1,15.00,15.00,'2017-03-18 21:35:10','2017-03-18 21:35:10'),(53,353,17,'Mild',1,14.00,14.00,'2017-03-18 22:39:06','2017-03-18 22:39:06'),(54,353,26,'',1,12.50,12.50,'2017-03-18 22:39:06','2017-03-18 22:39:06'),(55,354,41,'',1,16.00,16.00,'2017-03-18 22:43:54','2017-03-18 22:43:54'),(56,354,52,'',1,12.50,12.50,'2017-03-18 22:43:54','2017-03-18 22:43:54'),(57,354,55,'',1,4.50,4.50,'2017-03-18 22:43:55','2017-03-18 22:43:55'),(58,355,37,'',1,15.00,15.00,'2017-03-18 23:03:00','2017-03-18 23:03:00'),(59,356,38,'',1,12.50,12.50,'2017-03-21 21:46:43','2017-03-21 21:46:43'),(60,357,38,'',1,12.50,12.50,'2017-03-21 21:47:54','2017-03-21 21:47:54'),(61,358,52,'Mild',1,12.50,12.50,'2017-03-28 20:20:44','2017-03-28 20:20:44'),(62,358,50,'Mild',1,16.00,16.00,'2017-03-28 20:20:44','2017-03-28 20:20:44'),(63,359,1,'',1,15.50,15.50,'2017-03-28 22:38:18','2017-03-28 22:38:18'),(64,359,20,'',2,15.50,31.00,'2017-03-28 22:38:18','2017-03-28 22:38:18'),(65,359,38,'',1,12.50,12.50,'2017-03-28 22:38:18','2017-03-28 22:38:18'),(66,359,20,'',1,18.50,18.50,'2017-03-28 22:38:18','2017-03-28 22:38:18'),(67,360,1,'',1,15.50,15.50,'2017-03-28 22:40:19','2017-03-28 22:40:19'),(68,360,20,'',1,15.50,15.50,'2017-03-28 22:40:19','2017-03-28 22:40:19'),(69,360,38,'',1,12.50,12.50,'2017-03-28 22:40:19','2017-03-28 22:40:19'),(70,361,25,'',1,15.00,15.00,'2017-04-02 21:29:07','2017-04-02 21:29:07'),(71,361,5,'',1,12.50,12.50,'2017-04-02 21:29:07','2017-04-02 21:29:07'),(72,361,55,'',1,4.50,4.50,'2017-04-02 21:29:07','2017-04-02 21:29:07'),(73,362,41,'',1,13.00,13.00,'2017-04-04 20:54:40','2017-04-04 20:54:40'),(74,363,38,'',1,12.50,12.50,'2017-04-05 16:40:20','2017-04-05 16:40:20'),(75,364,1,'',1,15.50,15.50,'2017-04-06 22:00:53','2017-04-06 22:00:53'),(76,364,20,'',1,15.50,15.50,'2017-04-06 22:01:02','2017-04-06 22:01:02'),(77,364,38,'',1,12.50,12.50,'2017-04-06 22:01:05','2017-04-06 22:01:05'),(78,365,38,'',1,12.50,12.50,'2017-04-09 19:30:33','2017-04-09 19:30:33'),(79,365,25,'',1,15.00,15.00,'2017-04-09 19:30:34','2017-04-09 19:30:34'),(80,366,1,'',1,12.50,12.50,'2017-04-12 18:39:45','2017-04-12 18:39:45'),(81,366,48,'',1,12.50,12.50,'2017-04-12 18:39:45','2017-04-12 18:39:45'),(82,366,53,'',1,12.50,12.50,'2017-04-12 18:39:45','2017-04-12 18:39:45'),(83,366,56,'',1,9.00,9.00,'2017-04-12 18:39:45','2017-04-12 18:39:45'),(84,367,52,'',1,12.50,12.50,'2017-04-13 23:04:47','2017-04-13 23:04:47'),(85,367,41,'',1,16.00,16.00,'2017-04-13 23:04:47','2017-04-13 23:04:47'),(86,368,1,'',1,12.50,12.50,'2017-04-16 13:53:17','2017-04-16 13:53:17'),(87,369,1,'',1,12.50,12.50,'2017-04-16 23:04:39','2017-04-16 23:04:39'),(88,370,53,'',1,12.50,12.50,'2017-04-19 20:56:29','2017-04-19 20:56:29'),(89,370,26,'',1,12.50,12.50,'2017-04-19 20:56:29','2017-04-19 20:56:29'),(90,370,56,'',1,9.00,9.00,'2017-04-19 20:56:30','2017-04-19 20:56:30'),(91,371,26,'',1,12.50,12.50,'2017-04-19 20:59:47','2017-04-19 20:59:47'),(92,371,53,'',1,12.50,12.50,'2017-04-19 20:59:47','2017-04-19 20:59:47'),(93,371,55,'',1,4.50,4.50,'2017-04-19 20:59:47','2017-04-19 20:59:47'),(94,372,48,'',1,12.50,12.50,'2017-04-19 22:21:23','2017-04-19 22:21:23'),(95,372,55,'',1,4.50,4.50,'2017-04-19 22:21:23','2017-04-19 22:21:23'),(96,373,1,'',1,12.50,12.50,'2017-04-19 22:25:32','2017-04-19 22:25:32'),(97,373,55,'',1,4.50,4.50,'2017-04-19 22:25:32','2017-04-19 22:25:32'),(98,374,29,'',1,12.50,12.50,'2017-04-20 00:05:11','2017-04-20 00:05:11'),(99,374,9,'',1,12.50,12.50,'2017-04-20 00:05:11','2017-04-20 00:05:11'),(100,375,6,'',1,12.50,12.50,'2017-04-20 21:36:54','2017-04-20 21:36:54'),(101,375,20,'',1,12.50,12.50,'2017-04-20 21:36:54','2017-04-20 21:36:54'),(102,376,38,'',2,12.50,25.00,'2017-04-20 21:57:43','2017-04-20 21:57:43'),(103,376,1,'',1,12.50,12.50,'2017-04-20 21:57:43','2017-04-20 21:57:43'),(104,376,1,'',1,15.50,15.50,'2017-04-20 21:57:43','2017-04-20 21:57:43'),(105,378,1,'',1,12.50,12.50,'2017-04-20 21:59:31','2017-04-20 21:59:31'),(106,378,1,'',1,15.50,15.50,'2017-04-20 21:59:31','2017-04-20 21:59:31'),(107,378,38,'',2,12.50,25.00,'2017-04-20 21:59:31','2017-04-20 21:59:31'),(108,379,38,'',1,12.50,12.50,'2017-04-23 19:19:21','2017-04-23 19:19:21'),(109,379,25,'',1,15.00,15.00,'2017-04-23 19:19:21','2017-04-23 19:19:21'),(112,382,1,'',1,15.50,15.50,'2017-04-27 22:25:49','2017-04-27 22:25:49'),(113,382,20,'',1,15.50,15.50,'2017-04-27 22:25:53','2017-04-27 22:25:53'),(114,382,38,'',1,12.50,12.50,'2017-04-27 22:25:53','2017-04-27 22:25:53'),(115,383,34,'',1,12.50,12.50,'2017-04-28 22:23:39','2017-04-28 22:23:39'),(116,383,49,'',1,12.50,12.50,'2017-04-28 22:23:39','2017-04-28 22:23:39'),(117,383,36,'',1,12.50,12.50,'2017-04-28 22:23:39','2017-04-28 22:23:39'),(118,383,55,'',1,4.50,4.50,'2017-04-28 22:23:39','2017-04-28 22:23:39'),(119,384,49,'',1,12.50,12.50,'2017-04-28 23:55:09','2017-04-28 23:55:09'),(121,386,25,'',1,18.20,18.20,'2017-04-30 19:23:55','2017-04-30 19:23:55'),(122,386,38,'',1,15.50,15.50,'2017-04-30 19:23:56','2017-04-30 19:23:56'),(123,387,49,'',1,12.50,12.50,'2017-05-06 00:44:15','2017-05-06 00:44:15'),(124,388,1,'Medium',1,12.50,12.50,'2017-05-06 21:29:06','2017-05-06 21:29:06'),(125,388,38,'',1,12.50,12.50,'2017-05-06 21:29:06','2017-05-06 21:29:06'),(126,389,1,'',1,12.50,12.50,'2017-05-08 21:42:24','2017-05-08 21:42:24'),(127,389,26,'',1,12.50,12.50,'2017-05-08 21:42:24','2017-05-08 21:42:24'),(128,389,38,'',1,12.50,12.50,'2017-05-08 21:42:24','2017-05-08 21:42:24'),(129,389,55,'',1,4.50,4.50,'2017-05-08 21:42:24','2017-05-08 21:42:24'),(130,390,53,'',1,12.50,12.50,'2017-05-09 21:46:04','2017-05-09 21:46:04'),(131,390,56,'',1,9.00,9.00,'2017-05-09 21:46:06','2017-05-09 21:46:06'),(132,390,24,'',1,12.50,12.50,'2017-05-09 21:46:09','2017-05-09 21:46:09'),(133,390,65,'',1,4.50,4.50,'2017-05-09 21:46:11','2017-05-09 21:46:11'),(134,391,9,'',1,12.50,12.50,'2017-05-11 20:20:13','2017-05-11 20:20:13'),(135,392,26,'',1,12.50,12.50,'2017-05-11 22:13:48','2017-05-11 22:13:48'),(136,392,52,'',1,12.50,12.50,'2017-05-11 22:13:49','2017-05-11 22:13:49'),(137,393,41,'',2,13.00,26.00,'2017-05-11 22:22:54','2017-05-11 22:22:54'),(138,394,26,'Medium',1,12.50,12.50,'2017-05-12 23:04:35','2017-05-12 23:04:35'),(139,395,47,'',1,14.00,14.00,'2017-05-13 21:55:38','2017-05-13 21:55:38'),(140,396,1,'',1,15.50,15.50,'2017-05-13 22:17:15','2017-05-13 22:17:15'),(141,396,20,'',1,15.50,15.50,'2017-05-13 22:17:15','2017-05-13 22:17:15'),(142,396,38,'',1,12.50,12.50,'2017-05-13 22:17:16','2017-05-13 22:17:16'),(143,397,26,'',1,12.50,12.50,'2017-05-16 20:38:08','2017-05-16 20:38:08'),(144,397,1,'',1,12.50,12.50,'2017-05-16 20:38:08','2017-05-16 20:38:08'),(145,397,38,'',1,12.50,12.50,'2017-05-16 20:38:08','2017-05-16 20:38:08'),(146,397,55,'',1,4.50,4.50,'2017-05-16 20:38:08','2017-05-16 20:38:08'),(147,398,21,'',1,12.50,12.50,'2017-05-18 22:07:10','2017-05-18 22:07:10'),(148,398,65,'',1,4.50,4.50,'2017-05-18 22:07:10','2017-05-18 22:07:10'),(149,399,38,'',1,12.50,12.50,'2017-05-19 17:36:21','2017-05-19 17:36:21'),(150,400,30,'',1,11.50,11.50,'2017-05-19 23:07:50','2017-05-19 23:07:50'),(151,400,8,'',1,12.50,12.50,'2017-05-19 23:07:50','2017-05-19 23:07:50'),(152,400,55,'',1,4.50,4.50,'2017-05-19 23:07:50','2017-05-19 23:07:50'),(153,401,38,'',1,12.50,12.50,'2017-05-20 21:36:18','2017-05-20 21:36:18'),(154,401,36,'',1,12.50,12.50,'2017-05-20 21:36:18','2017-05-20 21:36:18'),(155,402,22,'',1,12.50,12.50,'2017-05-21 23:25:33','2017-05-21 23:25:33'),(156,402,38,'',1,12.50,12.50,'2017-05-21 23:25:33','2017-05-21 23:25:33'),(157,403,52,'',1,12.50,12.50,'2017-05-25 22:50:23','2017-05-25 22:50:23'),(158,403,41,'',1,16.00,16.00,'2017-05-25 22:50:23','2017-05-25 22:50:23'),(159,404,52,'',1,12.50,12.50,'2017-05-25 22:53:35','2017-05-25 22:53:35'),(160,404,41,'',1,16.00,16.00,'2017-05-25 22:53:36','2017-05-25 22:53:36'),(161,405,5,'',1,12.50,12.50,'2017-05-26 22:23:17','2017-05-26 22:23:17'),(162,405,26,'Medium',1,12.50,12.50,'2017-05-26 22:23:17','2017-05-26 22:23:17'),(163,406,22,'',1,12.50,12.50,'2017-05-26 23:37:06','2017-05-26 23:37:06'),(164,406,38,'',1,12.50,12.50,'2017-05-26 23:37:06','2017-05-26 23:37:06'),(165,407,26,'',2,12.50,25.00,'2017-06-01 22:03:05','2017-06-01 22:03:05'),(166,407,16,'',1,4.50,4.50,'2017-06-01 22:03:05','2017-06-01 22:03:05'),(167,408,1,'',1,15.50,15.50,'2017-06-02 22:18:48','2017-06-02 22:18:48'),(168,408,36,'',1,12.50,12.50,'2017-06-02 22:18:49','2017-06-02 22:18:49'),(176,415,5,'',1,12.50,12.50,'2017-06-13 23:30:48','2017-06-13 23:30:48'),(177,415,49,'',1,12.50,12.50,'2017-06-13 23:30:48','2017-06-13 23:30:48'),(178,416,1,'',1,15.50,15.50,'2017-06-14 22:17:15','2017-06-14 22:17:15'),(179,416,20,'',1,15.50,15.50,'2017-06-14 22:17:15','2017-06-14 22:17:15'),(180,416,41,'',1,13.00,13.00,'2017-06-14 22:17:15','2017-06-14 22:17:15'),(183,419,4,'',10,13.00,130.00,'2017-06-19 03:17:19','2017-06-19 03:17:19'),(184,420,52,'',1,12.50,12.50,'2017-06-21 22:28:10','2017-06-21 22:28:10'),(185,420,41,'',1,16.00,16.00,'2017-06-21 22:28:10','2017-06-21 22:28:10'),(186,421,38,'',2,12.50,25.00,'2017-06-22 16:14:19','2017-06-22 16:14:19'),(187,422,38,'',2,12.50,25.00,'2017-06-22 16:19:48','2017-06-22 16:19:48'),(188,423,1,'',1,15.50,15.50,'2017-06-22 22:21:31','2017-06-22 22:21:31'),(189,423,20,'',1,15.50,15.50,'2017-06-22 22:21:31','2017-06-22 22:21:31'),(190,423,41,'',1,13.00,13.00,'2017-06-22 22:21:31','2017-06-22 22:21:31'),(191,424,8,'',2,12.50,25.00,'2017-06-22 22:58:29','2017-06-22 22:58:29'),(192,424,43,'',2,12.50,25.00,'2017-06-22 22:58:29','2017-06-22 22:58:29'),(193,424,5,'',1,12.50,12.50,'2017-06-22 22:58:29','2017-06-22 22:58:29'),(194,424,38,'',2,12.50,25.00,'2017-06-22 22:58:29','2017-06-22 22:58:29'),(195,424,26,'',1,12.50,12.50,'2017-06-22 22:58:29','2017-06-22 22:58:29'),(196,424,16,'',3,4.50,13.50,'2017-06-22 22:58:29','2017-06-22 22:58:29'),(197,425,8,'',1,12.50,12.50,'2017-06-22 23:58:53','2017-06-22 23:58:53'),(198,425,38,'',1,12.50,12.50,'2017-06-22 23:58:53','2017-06-22 23:58:53'),(202,429,26,'',1,12.50,12.50,'2017-06-23 22:05:39','2017-06-23 22:05:39'),(203,429,10,'',1,12.50,12.50,'2017-06-23 22:05:39','2017-06-23 22:05:39'),(204,430,21,'',1,12.50,12.50,'2017-06-24 21:31:08','2017-06-24 21:31:08'),(205,430,55,'',1,4.50,4.50,'2017-06-24 21:31:09','2017-06-24 21:31:09'),(206,430,65,'',1,4.50,4.50,'2017-06-24 21:31:10','2017-06-24 21:31:10'),(207,431,39,'',1,14.00,14.00,'2017-06-27 22:19:39','2017-06-27 22:19:39'),(208,431,32,'',1,12.50,12.50,'2017-06-27 22:19:40','2017-06-27 22:19:40'),(209,431,10,'',1,12.50,12.50,'2017-06-27 22:19:40','2017-06-27 22:19:40'),(210,431,53,'',1,12.50,12.50,'2017-06-27 22:19:41','2017-06-27 22:19:41'),(211,432,53,'',1,12.50,12.50,'2017-06-28 21:19:53','2017-06-28 21:19:53'),(212,432,26,'',1,12.50,12.50,'2017-06-28 21:19:53','2017-06-28 21:19:53'),(213,433,43,'',2,12.50,25.00,'2017-06-29 00:43:55','2017-06-29 00:43:55'),(214,434,38,'',1,15.50,15.50,'2017-06-29 21:14:34','2017-06-29 21:14:34'),(215,434,41,'',1,13.00,13.00,'2017-06-29 21:14:34','2017-06-29 21:14:34'),(216,434,43,'',1,12.50,12.50,'2017-06-29 21:14:34','2017-06-29 21:14:34'),(217,434,44,'',1,11.50,11.50,'2017-06-29 21:14:34','2017-06-29 21:14:34'),(218,435,54,'',1,13.00,13.00,'2017-06-29 22:22:51','2017-06-29 22:22:51'),(219,435,4,'',1,13.00,13.00,'2017-06-29 22:22:51','2017-06-29 22:22:51'),(220,435,41,'',1,13.00,13.00,'2017-06-29 22:22:51','2017-06-29 22:22:51'),(221,435,3,'',1,12.50,12.50,'2017-06-29 22:22:51','2017-06-29 22:22:51'),(222,435,66,'',1,9.00,9.00,'2017-06-29 22:22:51','2017-06-29 22:22:51'),(223,435,16,'',1,4.50,4.50,'2017-06-29 22:22:51','2017-06-29 22:22:51'),(224,436,55,'',1,4.50,4.50,'2017-07-01 22:08:14','2017-07-01 22:08:14'),(225,436,5,'',1,12.50,12.50,'2017-07-01 22:08:14','2017-07-01 22:08:14'),(226,437,1,'',1,15.50,15.50,'2017-07-01 22:21:03','2017-07-01 22:21:03'),(227,437,20,'',1,15.50,15.50,'2017-07-01 22:21:10','2017-07-01 22:21:10'),(228,437,10,'',1,12.50,12.50,'2017-07-01 22:21:10','2017-07-01 22:21:10'),(230,439,54,'',1,13.80,13.80,'2017-07-06 22:18:18','2017-07-06 22:18:18'),(231,439,4,'',1,13.80,13.80,'2017-07-06 22:18:18','2017-07-06 22:18:18'),(232,439,36,'',1,13.50,13.50,'2017-07-06 22:18:18','2017-07-06 22:18:18'),(233,439,41,'',1,13.80,13.80,'2017-07-06 22:18:18','2017-07-06 22:18:18'),(234,439,43,'',1,12.80,12.80,'2017-07-06 22:18:19','2017-07-06 22:18:19'),(235,439,49,'',1,13.50,13.50,'2017-07-06 22:18:19','2017-07-06 22:18:19'),(236,440,8,'',1,13.50,13.50,'2017-07-07 19:16:25','2017-07-07 19:16:25'),(237,440,38,'',1,13.50,13.50,'2017-07-07 19:16:25','2017-07-07 19:16:25'),(238,440,53,'',1,13.50,13.50,'2017-07-07 19:16:25','2017-07-07 19:16:25'),(239,441,53,'',1,13.50,13.50,'2017-07-09 20:35:29','2017-07-09 20:35:29'),(240,441,10,'',1,13.50,13.50,'2017-07-09 20:35:30','2017-07-09 20:35:30'),(241,442,26,'',1,13.50,13.50,'2017-07-09 21:00:19','2017-07-09 21:00:19'),(242,442,8,'',1,13.50,13.50,'2017-07-09 21:00:19','2017-07-09 21:00:19'),(243,442,16,'',2,4.50,9.00,'2017-07-09 21:00:19','2017-07-09 21:00:19'),(244,443,8,'',1,13.50,13.50,'2017-07-14 18:45:18','2017-07-14 18:45:18'),(245,443,53,'',1,13.50,13.50,'2017-07-14 18:45:18','2017-07-14 18:45:18'),(246,443,49,'',1,13.50,13.50,'2017-07-14 18:45:18','2017-07-14 18:45:18'),(247,444,9,'',1,13.50,13.50,'2017-07-14 21:07:30','2017-07-14 21:07:30'),(248,444,38,'',2,13.50,27.00,'2017-07-14 21:07:30','2017-07-14 21:07:30'),(249,444,34,'',2,12.80,25.60,'2017-07-14 21:07:30','2017-07-14 21:07:30'),(250,444,50,'',1,15.80,15.80,'2017-07-14 21:07:30','2017-07-14 21:07:30'),(251,445,26,'Hot',1,13.50,13.50,'2017-07-15 22:43:06','2017-07-15 22:43:06'),(252,445,53,'',1,13.50,13.50,'2017-07-15 22:43:06','2017-07-15 22:43:06'),(256,448,6,'',1,13.50,13.50,'2017-07-19 22:04:47','2017-07-19 22:04:47'),(257,448,23,'',1,12.80,12.80,'2017-07-19 22:04:48','2017-07-19 22:04:48'),(258,449,38,'',2,13.50,27.00,'2017-07-19 22:30:22','2017-07-19 22:30:22'),(259,450,26,'',2,13.50,27.00,'2017-07-20 22:41:45','2017-07-20 22:41:45'),(260,450,16,'',2,4.50,9.00,'2017-07-20 22:41:45','2017-07-20 22:41:45'),(261,451,33,'Medium',1,14.80,14.80,'2017-07-20 23:12:22','2017-07-20 23:12:22'),(262,451,55,'',1,4.50,4.50,'2017-07-20 23:12:22','2017-07-20 23:12:22'),(263,451,4,'',1,16.80,16.80,'2017-07-20 23:12:22','2017-07-20 23:12:22'),(264,452,22,'Medium',1,13.50,13.50,'2017-07-21 23:28:35','2017-07-21 23:28:35'),(265,452,38,'',1,13.50,13.50,'2017-07-21 23:28:35','2017-07-21 23:28:35'),(266,453,26,'',1,13.50,13.50,'2017-07-22 23:26:10','2017-07-22 23:26:10'),(267,454,38,'',1,13.50,13.50,'2017-07-27 21:27:13','2017-07-27 21:27:13'),(268,454,39,'',1,13.80,13.80,'2017-07-27 21:27:13','2017-07-27 21:27:13'),(269,455,9,'',1,13.50,13.50,'2017-07-27 23:08:35','2017-07-27 23:08:35'),(270,455,26,'',1,13.50,13.50,'2017-07-27 23:08:35','2017-07-27 23:08:35'),(271,455,16,'',2,4.50,9.00,'2017-07-27 23:08:35','2017-07-27 23:08:35'),(272,456,26,'Medium',1,13.50,13.50,'2017-07-28 21:35:01','2017-07-28 21:35:01'),(273,457,8,'',1,16.50,16.50,'2017-07-29 00:04:44','2017-07-29 00:04:44'),(274,458,4,'',1,13.80,13.80,'2017-08-03 20:57:19','2017-08-03 20:57:19'),(275,458,38,'',1,13.50,13.50,'2017-08-03 20:57:19','2017-08-03 20:57:19'),(276,458,53,'',1,13.50,13.50,'2017-08-03 20:57:19','2017-08-03 20:57:19'),(277,459,3,'',1,12.80,12.80,'2017-08-04 21:00:31','2017-08-04 21:00:31'),(278,459,50,'',1,15.80,15.80,'2017-08-04 21:00:31','2017-08-04 21:00:31'),(279,459,52,'',1,13.50,13.50,'2017-08-04 21:00:31','2017-08-04 21:00:31'),(280,459,49,'',1,14.50,14.50,'2017-08-04 21:00:31','2017-08-04 21:00:31'),(281,459,56,'',1,9.00,9.00,'2017-08-04 21:00:31','2017-08-04 21:00:31'),(282,460,26,'',1,13.50,13.50,'2017-08-04 22:36:16','2017-08-04 22:36:16'),(283,460,53,'',2,13.50,27.00,'2017-08-04 22:36:16','2017-08-04 22:36:16'),(284,461,53,'',2,13.50,27.00,'2017-08-04 22:42:42','2017-08-04 22:42:42'),(285,461,26,'',1,13.50,13.50,'2017-08-04 22:42:42','2017-08-04 22:42:42'),(286,462,29,'',1,12.80,12.80,'2017-08-05 00:23:35','2017-08-05 00:23:35'),(287,462,38,'',1,13.50,13.50,'2017-08-05 00:23:35','2017-08-05 00:23:35'),(288,463,53,'',1,13.50,13.50,'2017-08-05 00:36:24','2017-08-05 00:36:24'),(289,463,38,'',1,13.50,13.50,'2017-08-05 00:36:24','2017-08-05 00:36:24'),(290,464,5,'',1,12.80,12.80,'2017-08-05 22:34:42','2017-08-05 22:34:42'),(291,464,38,'',1,13.50,13.50,'2017-08-05 22:34:42','2017-08-05 22:34:42'),(292,465,16,'',1,4.50,4.50,'2017-08-06 21:17:23','2017-08-06 21:17:23'),(293,465,55,'',1,4.50,4.50,'2017-08-06 21:17:23','2017-08-06 21:17:23'),(294,465,26,'',1,13.50,13.50,'2017-08-06 21:17:23','2017-08-06 21:17:23'),(295,466,1,'',1,13.50,13.50,'2017-08-10 22:12:10','2017-08-10 22:12:10'),(296,466,53,'',1,13.50,13.50,'2017-08-10 22:12:10','2017-08-10 22:12:10'),(297,467,53,'',1,13.50,13.50,'2017-08-11 21:34:45','2017-08-11 21:34:45'),(298,467,26,'Medium',1,13.50,13.50,'2017-08-11 21:34:45','2017-08-11 21:34:45'),(299,468,1,'',1,16.50,16.50,'2017-08-11 22:32:56','2017-08-11 22:32:56'),(300,468,20,'',1,15.80,15.80,'2017-08-11 22:32:56','2017-08-11 22:32:56'),(301,468,38,'',1,13.50,13.50,'2017-08-11 22:32:57','2017-08-11 22:32:57'),(302,469,1,'',1,13.50,13.50,'2017-08-13 15:43:38','2017-08-13 15:43:38'),(303,469,38,'',1,13.50,13.50,'2017-08-13 15:43:39','2017-08-13 15:43:39'),(304,469,25,'',1,15.80,15.80,'2017-08-13 15:43:39','2017-08-13 15:43:39'),(305,470,26,'',1,13.50,13.50,'2017-08-13 22:17:25','2017-08-13 22:17:25'),(306,470,38,'',1,13.50,13.50,'2017-08-13 22:17:25','2017-08-13 22:17:25'),(307,470,8,'',2,13.50,27.00,'2017-08-13 22:17:25','2017-08-13 22:17:25'),(308,471,48,'',2,16.50,33.00,'2017-08-15 19:36:23','2017-08-15 19:36:23'),(309,472,23,'Mild',1,12.80,12.80,'2017-08-15 21:27:02','2017-08-15 21:27:02'),(310,472,1,'',1,13.50,13.50,'2017-08-15 21:27:03','2017-08-15 21:27:03'),(312,474,1,'',1,13.50,13.50,'2017-08-15 21:39:27','2017-08-15 21:39:27'),(313,474,8,'',1,13.50,13.50,'2017-08-15 21:39:28','2017-08-15 21:39:28'),(314,475,8,'',1,13.50,13.50,'2017-08-18 21:44:07','2017-08-18 21:44:07'),(315,475,38,'',1,13.50,13.50,'2017-08-18 21:44:07','2017-08-18 21:44:07'),(316,475,49,'',1,13.50,13.50,'2017-08-18 21:44:07','2017-08-18 21:44:07'),(317,475,53,'',1,13.50,13.50,'2017-08-18 21:44:07','2017-08-18 21:44:07'),(318,476,1,'',1,16.50,16.50,'2017-08-18 22:27:50','2017-08-18 22:27:50'),(319,476,20,'',1,15.80,15.80,'2017-08-18 22:27:50','2017-08-18 22:27:50'),(320,476,38,'',1,13.50,13.50,'2017-08-18 22:27:50','2017-08-18 22:27:50'),(321,477,38,'',1,13.50,13.50,'2017-08-19 00:23:13','2017-08-19 00:23:13'),(322,477,43,'',1,12.80,12.80,'2017-08-19 00:23:13','2017-08-19 00:23:13'),(323,478,10,'',1,13.50,13.50,'2017-08-19 21:55:34','2017-08-19 21:55:34'),(324,479,3,'',1,12.80,12.80,'2017-08-24 21:41:13','2017-08-24 21:41:13'),(325,479,53,'',1,13.50,13.50,'2017-08-24 21:41:14','2017-08-24 21:41:14'),(326,479,39,'',1,13.80,13.80,'2017-08-24 21:41:14','2017-08-24 21:41:14'),(327,480,26,'Medium',1,13.50,13.50,'2017-08-25 22:19:36','2017-08-25 22:19:36'),(328,480,45,'',1,15.80,15.80,'2017-08-25 22:19:36','2017-08-25 22:19:36'),(329,481,1,'',1,16.50,16.50,'2017-08-25 22:20:49','2017-08-25 22:20:49'),(330,481,20,'',1,15.80,15.80,'2017-08-25 22:20:50','2017-08-25 22:20:50'),(331,481,38,'',1,13.50,13.50,'2017-08-25 22:20:50','2017-08-25 22:20:50'),(332,482,9,'',1,13.50,13.50,'2017-08-25 23:50:33','2017-08-25 23:50:33'),(333,483,26,'',1,13.50,13.50,'2017-08-31 21:12:47','2017-08-31 21:12:47'),(334,483,21,'',1,13.50,13.50,'2017-08-31 21:12:47','2017-08-31 21:12:47'),(335,484,36,'',1,13.50,13.50,'2017-09-01 21:47:30','2017-09-01 21:47:30'),(336,484,38,'',1,13.50,13.50,'2017-09-01 21:47:30','2017-09-01 21:47:30'),(337,485,36,'',1,13.50,13.50,'2017-09-01 21:49:51','2017-09-01 21:49:51'),(338,485,38,'',1,13.50,13.50,'2017-09-01 21:49:52','2017-09-01 21:49:52'),(339,486,26,'',1,13.50,13.50,'2017-09-01 22:06:15','2017-09-01 22:06:15'),(340,486,40,'',1,13.00,13.00,'2017-09-01 22:06:15','2017-09-01 22:06:15'),(341,487,15,'',2,2.50,5.00,'2017-09-03 00:17:52','2017-09-03 00:17:52'),(342,487,55,'',1,4.50,4.50,'2017-09-03 00:17:53','2017-09-03 00:17:53'),(343,487,38,'',1,13.50,13.50,'2017-09-03 00:17:53','2017-09-03 00:17:53'),(344,490,55,'',1,4.50,4.50,'2017-09-03 00:29:32','2017-09-03 00:29:32'),(345,490,15,'',2,2.50,5.00,'2017-09-03 00:29:32','2017-09-03 00:29:32'),(346,490,38,'',1,13.50,13.50,'2017-09-03 00:29:32','2017-09-03 00:29:32'),(347,491,1,'',1,13.50,13.50,'2017-09-03 21:02:23','2017-09-03 21:02:23'),(348,491,7,'',1,12.80,12.80,'2017-09-03 21:02:23','2017-09-03 21:02:23'),(349,491,36,'',1,13.50,13.50,'2017-09-03 21:02:23','2017-09-03 21:02:23'),(350,491,38,'',1,13.50,13.50,'2017-09-03 21:02:23','2017-09-03 21:02:23'),(351,492,10,'',1,13.50,13.50,'2017-09-03 21:41:46','2017-09-03 21:41:46'),(352,492,24,'',1,13.50,13.50,'2017-09-03 21:41:46','2017-09-03 21:41:46'),(353,493,8,'Medium',1,13.50,13.50,'2017-09-03 22:08:01','2017-09-03 22:08:01'),(354,493,26,'Medium',1,13.50,13.50,'2017-09-03 22:08:01','2017-09-03 22:08:01'),(355,493,8,'Medium',1,16.50,16.50,'2017-09-03 22:08:02','2017-09-03 22:08:02'),(356,494,49,'',1,14.50,14.50,'2017-09-06 18:39:39','2017-09-06 18:39:39'),(357,495,53,'',1,14.50,14.50,'2017-09-06 18:55:02','2017-09-06 18:55:02'),(358,496,2,'',1,12.80,12.80,'2017-09-06 21:03:45','2017-09-06 21:03:45'),(359,496,8,'',1,13.50,13.50,'2017-09-06 21:03:45','2017-09-06 21:03:45'),(360,496,29,'',1,12.80,12.80,'2017-09-06 21:03:45','2017-09-06 21:03:45'),(361,496,25,'',1,15.80,15.80,'2017-09-06 21:03:45','2017-09-06 21:03:45'),(362,497,38,'',2,13.50,27.00,'2017-09-06 23:25:42','2017-09-06 23:25:42'),(363,498,39,'',1,13.80,13.80,'2017-09-07 21:56:19','2017-09-07 21:56:19'),(364,498,50,'',1,15.80,15.80,'2017-09-07 21:56:20','2017-09-07 21:56:20'),(365,498,10,'',1,13.50,13.50,'2017-09-07 21:56:20','2017-09-07 21:56:20'),(366,498,45,'',1,15.80,15.80,'2017-09-07 21:56:20','2017-09-07 21:56:20'),(367,499,7,'',1,12.80,12.80,'2017-09-08 17:26:28','2017-09-08 17:26:28'),(368,499,38,'',1,13.50,13.50,'2017-09-08 17:26:29','2017-09-08 17:26:29'),(369,499,49,'',1,13.50,13.50,'2017-09-08 17:26:29','2017-09-08 17:26:29'),(370,499,52,'',1,13.50,13.50,'2017-09-08 17:26:29','2017-09-08 17:26:29'),(371,500,1,'',1,16.50,16.50,'2017-09-08 22:46:02','2017-09-08 22:46:02'),(372,500,20,'',1,15.80,15.80,'2017-09-08 22:46:02','2017-09-08 22:46:02'),(373,500,38,'',2,13.50,27.00,'2017-09-08 22:46:02','2017-09-08 22:46:02'),(374,501,25,'',1,15.80,15.80,'2017-09-08 22:53:20','2017-09-08 22:53:20'),(375,501,38,'',1,13.50,13.50,'2017-09-08 22:53:20','2017-09-08 22:53:20'),(376,501,15,'',1,2.50,2.50,'2017-09-08 22:53:20','2017-09-08 22:53:20'),(377,502,5,'',1,12.80,12.80,'2017-09-09 20:35:07','2017-09-09 20:35:07'),(378,503,1,'',1,13.50,13.50,'2017-09-09 22:41:15','2017-09-09 22:41:15'),(379,504,41,'',1,13.80,13.80,'2017-09-10 15:42:48','2017-09-10 15:42:48'),(380,505,41,'',1,13.80,13.80,'2017-09-10 15:46:10','2017-09-10 15:46:10'),(381,506,26,'',1,13.50,13.50,'2017-09-12 22:31:32','2017-09-12 22:31:32'),(382,506,5,'',1,12.80,12.80,'2017-09-12 22:31:32','2017-09-12 22:31:32'),(383,506,41,'',1,13.80,13.80,'2017-09-12 22:31:33','2017-09-12 22:31:33'),(384,507,36,'',1,16.50,16.50,'2017-09-13 22:30:16','2017-09-13 22:30:16'),(385,508,10,'',1,13.50,13.50,'2017-09-15 22:18:20','2017-09-15 22:18:20'),(386,509,1,'',1,16.50,16.50,'2017-09-15 22:33:02','2017-09-15 22:33:02'),(387,509,20,'',1,15.80,15.80,'2017-09-15 22:33:03','2017-09-15 22:33:03'),(388,509,38,'',1,13.50,13.50,'2017-09-15 22:33:03','2017-09-15 22:33:03'),(389,510,1,'',1,13.50,13.50,'2017-09-17 20:54:52','2017-09-17 20:54:52'),(390,510,26,'',1,13.50,13.50,'2017-09-17 20:54:52','2017-09-17 20:54:52'),(391,510,52,'',1,13.50,13.50,'2017-09-17 20:54:52','2017-09-17 20:54:52'),(392,511,28,'',2,14.80,29.60,'2017-09-17 21:33:38','2017-09-17 21:33:38'),(393,512,38,'',1,13.50,13.50,'2017-09-19 21:03:39','2017-09-19 21:03:39'),(394,513,26,'',1,13.50,13.50,'2017-09-22 00:03:38','2017-09-22 00:03:38'),(395,513,25,'',1,19.00,19.00,'2017-09-22 00:03:38','2017-09-22 00:03:38'),(396,514,23,'',1,12.80,12.80,'2017-09-22 00:46:08','2017-09-22 00:46:08'),(397,514,5,'',1,12.80,12.80,'2017-09-22 00:46:09','2017-09-22 00:46:09'),(398,515,1,'',1,16.50,16.50,'2017-09-22 22:46:28','2017-09-22 22:46:28'),(399,515,20,'',1,15.80,15.80,'2017-09-22 22:46:28','2017-09-22 22:46:28'),(400,515,38,'',1,13.50,13.50,'2017-09-22 22:46:28','2017-09-22 22:46:28'),(401,516,8,'',1,13.50,13.50,'2017-09-24 00:25:19','2017-09-24 00:25:19'),(402,516,35,'',1,12.80,12.80,'2017-09-24 00:25:19','2017-09-24 00:25:19'),(403,516,1,'',1,13.50,13.50,'2017-09-24 00:25:19','2017-09-24 00:25:19'),(404,516,28,'',1,14.80,14.80,'2017-09-24 00:25:19','2017-09-24 00:25:19'),(405,516,53,'',1,13.50,13.50,'2017-09-24 00:25:19','2017-09-24 00:25:19'),(406,516,15,'',1,2.50,2.50,'2017-09-24 00:25:19','2017-09-24 00:25:19'),(408,518,38,'',1,13.50,13.50,'2017-09-26 22:54:47','2017-09-26 22:54:47'),(409,518,16,'',1,4.50,4.50,'2017-09-26 22:54:47','2017-09-26 22:54:47'),(410,519,38,'',1,13.50,13.50,'2017-09-27 23:51:12','2017-09-27 23:51:12'),(411,519,43,'',1,13.80,13.80,'2017-09-27 23:51:13','2017-09-27 23:51:13'),(412,520,1,'',1,16.50,16.50,'2017-09-28 22:30:19','2017-09-28 22:30:19'),(413,520,38,'',2,13.50,27.00,'2017-09-28 22:30:19','2017-09-28 22:30:19'),(414,521,10,'',1,13.50,13.50,'2017-09-29 21:40:03','2017-09-29 21:40:03'),(415,521,26,'',1,13.50,13.50,'2017-09-29 21:40:03','2017-09-29 21:40:03'),(416,522,52,'',1,13.50,13.50,'2017-09-29 23:15:57','2017-09-29 23:15:57'),(417,522,38,'',1,13.50,13.50,'2017-09-29 23:15:57','2017-09-29 23:15:57'),(418,523,25,'',1,19.00,19.00,'2017-09-29 23:51:23','2017-09-29 23:51:23'),(419,523,26,'',1,13.50,13.50,'2017-09-29 23:51:24','2017-09-29 23:51:24'),(420,524,3,'',1,12.80,12.80,'2017-10-01 00:27:24','2017-10-01 00:27:24'),(421,524,48,'',1,13.50,13.50,'2017-10-01 00:27:24','2017-10-01 00:27:24'),(422,525,37,'',1,14.80,14.80,'2017-10-01 21:14:41','2017-10-01 21:14:41'),(423,525,52,'',1,13.50,13.50,'2017-10-01 21:14:41','2017-10-01 21:14:41'),(424,526,25,'',1,15.80,15.80,'2017-10-03 21:07:18','2017-10-03 21:07:18'),(425,526,42,'',1,13.50,13.50,'2017-10-03 21:07:19','2017-10-03 21:07:19'),(426,527,1,'',1,13.50,13.50,'2017-10-04 21:39:48','2017-10-04 21:39:48'),(427,528,1,'',1,16.50,16.50,'2017-10-06 22:46:57','2017-10-06 22:46:57'),(428,528,38,'',2,13.50,27.00,'2017-10-06 22:47:10','2017-10-06 22:47:10'),(429,529,25,'',1,15.80,15.80,'2017-10-06 23:51:36','2017-10-06 23:51:36'),(430,529,2,'',1,12.80,12.80,'2017-10-06 23:51:37','2017-10-06 23:51:37'),(431,529,54,'',1,13.80,13.80,'2017-10-06 23:51:37','2017-10-06 23:51:37'),(432,530,36,'',1,13.50,13.50,'2017-10-13 18:38:27','2017-10-13 18:38:27'),(433,530,49,'',1,13.50,13.50,'2017-10-13 18:38:27','2017-10-13 18:38:27'),(434,530,53,'',1,13.50,13.50,'2017-10-13 18:38:27','2017-10-13 18:38:27'),(435,530,38,'',1,13.50,13.50,'2017-10-13 18:38:27','2017-10-13 18:38:27'),(436,531,26,'Medium',1,13.50,13.50,'2017-10-13 22:18:57','2017-10-13 22:18:57'),(437,531,41,'',1,13.80,13.80,'2017-10-13 22:18:57','2017-10-13 22:18:57'),(438,532,8,'Medium',1,13.50,13.50,'2017-10-13 23:54:07','2017-10-13 23:54:07'),(439,532,48,'',1,13.50,13.50,'2017-10-13 23:54:07','2017-10-13 23:54:07'),(440,532,1,'',1,13.50,13.50,'2017-10-13 23:54:07','2017-10-13 23:54:07'),(441,533,4,'',1,13.80,13.80,'2017-10-15 22:42:01','2017-10-15 22:42:01'),(442,533,25,'',1,15.80,15.80,'2017-10-15 22:42:01','2017-10-15 22:42:01'),(443,533,26,'',1,13.50,13.50,'2017-10-15 22:42:01','2017-10-15 22:42:01'),(444,533,16,'',1,4.50,4.50,'2017-10-15 22:42:01','2017-10-15 22:42:01'),(445,533,66,'',1,9.00,9.00,'2017-10-15 22:42:02','2017-10-15 22:42:02'),(446,534,9,'',1,16.50,16.50,'2017-10-17 22:22:26','2017-10-17 22:22:26'),(447,534,1,'',1,13.50,13.50,'2017-10-17 22:22:28','2017-10-17 22:22:28'),(448,534,65,'',1,4.50,4.50,'2017-10-17 22:22:28','2017-10-17 22:22:28'),(449,535,29,'',1,12.80,12.80,'2017-10-18 21:23:01','2017-10-18 21:23:01'),(450,535,9,'',1,13.50,13.50,'2017-10-18 21:23:01','2017-10-18 21:23:01'),(451,536,38,'',1,13.50,13.50,'2017-10-18 23:25:02','2017-10-18 23:25:02'),(452,536,5,'',1,12.80,12.80,'2017-10-18 23:25:02','2017-10-18 23:25:02'),(453,537,25,'',1,19.00,19.00,'2017-10-19 22:35:16','2017-10-19 22:35:16'),(454,538,1,'',1,14.50,14.50,'2017-10-19 23:08:37','2017-10-19 23:08:37'),(455,538,44,'',1,18.00,18.00,'2017-10-19 23:08:37','2017-10-19 23:08:37'),(456,538,54,'',1,14.80,14.80,'2017-10-19 23:08:37','2017-10-19 23:08:37'),(457,539,1,'',1,16.50,16.50,'2017-10-22 22:25:51','2017-10-22 22:25:51'),(458,539,20,'',1,15.80,15.80,'2017-10-22 22:25:51','2017-10-22 22:25:51'),(459,539,38,'',1,13.50,13.50,'2017-10-22 22:25:51','2017-10-22 22:25:51'),(460,540,41,'',1,13.80,13.80,'2017-10-24 22:21:31','2017-10-24 22:21:31'),(461,541,1,'',1,13.50,13.50,'2017-10-27 21:50:28','2017-10-27 21:50:28'),(462,541,24,'',1,13.50,13.50,'2017-10-27 21:50:28','2017-10-27 21:50:28'),(463,542,26,'',1,13.50,13.50,'2017-10-28 22:38:41','2017-10-28 22:38:41'),(464,542,10,'',1,13.50,13.50,'2017-10-28 22:38:41','2017-10-28 22:38:41'),(465,543,20,'',1,12.80,12.80,'2017-10-28 22:52:22','2017-10-28 22:52:22'),(466,543,29,'',1,12.80,12.80,'2017-10-28 22:52:22','2017-10-28 22:52:22'),(467,543,38,'',1,13.50,13.50,'2017-10-28 22:52:22','2017-10-28 22:52:22'),(468,543,53,'',1,13.50,13.50,'2017-10-28 22:52:22','2017-10-28 22:52:22'),(469,544,38,'',1,13.50,13.50,'2017-10-29 18:53:10','2017-10-29 18:53:10'),(470,545,1,'',1,13.50,13.50,'2017-10-29 20:54:01','2017-10-29 20:54:01'),(471,545,52,'',1,13.50,13.50,'2017-10-29 20:54:01','2017-10-29 20:54:01'),(472,545,38,'',1,13.50,13.50,'2017-10-29 20:54:01','2017-10-29 20:54:01'),(473,546,39,'',1,14.80,14.80,'2017-10-31 21:58:00','2017-10-31 21:58:00'),(474,546,41,'',1,13.80,13.80,'2017-10-31 21:58:02','2017-10-31 21:58:02'),(475,546,32,'Medium',1,14.50,14.50,'2017-10-31 21:58:03','2017-10-31 21:58:03'),(476,547,1,'',1,16.50,16.50,'2017-10-31 22:18:39','2017-10-31 22:18:39'),(477,547,38,'',1,13.50,13.50,'2017-10-31 22:18:40','2017-10-31 22:18:40'),(478,548,53,'',1,13.50,13.50,'2017-11-03 21:46:38','2017-11-03 21:46:38'),(479,548,38,'',1,13.50,13.50,'2017-11-03 21:46:39','2017-11-03 21:46:39'),(480,549,8,'',1,13.50,13.50,'2017-11-04 18:13:20','2017-11-04 18:13:20'),(481,549,49,'',1,13.50,13.50,'2017-11-04 18:13:20','2017-11-04 18:13:20'),(482,549,38,'',1,13.50,13.50,'2017-11-04 18:13:20','2017-11-04 18:13:20'),(483,549,53,'',1,13.50,13.50,'2017-11-04 18:13:20','2017-11-04 18:13:20'),(484,550,36,'',1,13.50,13.50,'2017-11-07 23:12:22','2017-11-07 23:12:22'),(485,551,4,'',1,18.00,18.00,'2017-11-09 01:11:40','2017-11-09 01:11:40'),(486,551,3,'',1,15.80,15.80,'2017-11-09 01:11:41','2017-11-09 01:11:41'),(487,551,25,'',1,19.00,19.00,'2017-11-09 01:11:42','2017-11-09 01:11:42'),(488,551,66,'',1,9.00,9.00,'2017-11-09 01:11:42','2017-11-09 01:11:42'),(489,552,4,'',2,13.80,27.60,'2017-11-10 00:02:52','2017-11-10 00:02:52'),(490,552,29,'',1,12.80,12.80,'2017-11-10 00:02:52','2017-11-10 00:02:52'),(491,552,41,'',1,13.80,13.80,'2017-11-10 00:02:53','2017-11-10 00:02:53'),(492,553,36,'',1,17.50,17.50,'2017-11-10 22:38:42','2017-11-10 22:38:42'),(493,554,8,'Hot',1,13.50,13.50,'2017-11-14 23:37:43','2017-11-14 23:37:43'),(494,554,38,'',1,13.50,13.50,'2017-11-14 23:37:43','2017-11-14 23:37:43'),(495,555,1,'',1,16.50,16.50,'2017-11-14 23:55:15','2017-11-14 23:55:15'),(496,555,20,'',1,15.80,15.80,'2017-11-14 23:55:16','2017-11-14 23:55:16'),(497,555,42,'',1,13.50,13.50,'2017-11-14 23:55:16','2017-11-14 23:55:16'),(498,555,1,'',1,13.50,13.50,'2017-11-14 23:55:16','2017-11-14 23:55:16'),(499,556,1,'Medium',1,13.50,13.50,'2017-11-16 00:31:03','2017-11-16 00:31:03'),(500,557,9,'',1,13.50,13.50,'2017-11-17 00:59:00','2017-11-17 00:59:00'),(501,557,53,'',1,13.50,13.50,'2017-11-17 00:59:00','2017-11-17 00:59:00'),(502,558,53,'',1,13.50,13.50,'2017-11-18 19:46:37','2017-11-18 19:46:37'),(503,559,38,'',1,16.50,16.50,'2017-11-22 01:23:38','2017-11-22 01:23:38'),(504,560,1,'',1,16.50,16.50,'2017-11-25 23:26:09','2017-11-25 23:26:09'),(505,560,20,'',1,15.80,15.80,'2017-11-25 23:26:09','2017-11-25 23:26:09'),(506,560,38,'',1,13.50,13.50,'2017-11-25 23:26:09','2017-11-25 23:26:09'),(507,561,41,'',1,13.80,13.80,'2017-11-28 22:01:38','2017-11-28 22:01:38'),(508,562,4,'',2,13.80,27.60,'2017-11-30 22:53:08','2017-11-30 22:53:08'),(509,562,3,'',1,12.80,12.80,'2017-11-30 22:53:08','2017-11-30 22:53:08'),(510,562,43,'',1,15.80,15.80,'2017-11-30 22:53:08','2017-11-30 22:53:08'),(511,563,7,'',1,12.80,12.80,'2017-12-01 22:49:41','2017-12-01 22:49:41'),(512,563,26,'',1,13.50,13.50,'2017-12-01 22:49:41','2017-12-01 22:49:41'),(513,563,29,'',1,12.80,12.80,'2017-12-01 22:49:41','2017-12-01 22:49:41'),(514,563,10,'',2,13.50,27.00,'2017-12-01 22:49:41','2017-12-01 22:49:41'),(515,563,25,'',1,15.80,15.80,'2017-12-01 22:49:41','2017-12-01 22:49:41'),(516,563,53,'',1,13.50,13.50,'2017-12-01 22:49:41','2017-12-01 22:49:41'),(517,564,26,'',1,13.50,13.50,'2017-12-03 00:07:40','2017-12-03 00:07:40'),(518,564,65,'',1,4.50,4.50,'2017-12-03 00:07:41','2017-12-03 00:07:41'),(519,565,41,'',1,13.80,13.80,'2017-12-03 00:12:59','2017-12-03 00:12:59'),(520,565,16,'',1,4.50,4.50,'2017-12-03 00:12:59','2017-12-03 00:12:59'),(525,567,1,'',1,13.50,13.50,'2017-12-09 22:24:40','2017-12-09 22:24:40'),(526,567,38,'',1,13.50,13.50,'2017-12-09 22:24:40','2017-12-09 22:24:40'),(527,567,53,'',1,13.50,13.50,'2017-12-09 22:24:40','2017-12-09 22:24:40'),(528,567,49,'',1,13.50,13.50,'2017-12-09 22:24:40','2017-12-09 22:24:40'),(529,568,1,'',1,16.50,16.50,'2017-12-09 22:55:33','2017-12-09 22:55:33'),(530,568,20,'',1,15.80,15.80,'2017-12-09 22:55:33','2017-12-09 22:55:33'),(531,568,38,'',1,13.50,13.50,'2017-12-09 22:55:33','2017-12-09 22:55:33'),(532,569,1,'',1,16.50,16.50,'2017-12-12 23:25:06','2017-12-12 23:25:06'),(533,569,20,'',1,15.80,15.80,'2017-12-12 23:25:07','2017-12-12 23:25:07'),(534,569,38,'',1,13.50,13.50,'2017-12-12 23:25:08','2017-12-12 23:25:08'),(535,570,26,'',1,13.50,13.50,'2017-12-13 14:40:08','2017-12-13 14:40:08'),(536,570,58,'',1,4.50,4.50,'2017-12-13 14:40:08','2017-12-13 14:40:08'),(537,570,56,'',1,9.00,9.00,'2017-12-13 14:40:08','2017-12-13 14:40:08'),(538,571,26,'',3,13.50,40.50,'2017-12-14 16:19:33','2017-12-14 16:19:33'),(539,571,56,'',1,9.00,9.00,'2017-12-14 16:19:33','2017-12-14 16:19:33'),(540,571,15,'',1,2.50,2.50,'2017-12-14 16:19:33','2017-12-14 16:19:33'),(541,572,48,'',1,13.50,13.50,'2017-12-14 19:59:51','2017-12-14 19:59:51'),(542,573,37,'',1,14.80,14.80,'2017-12-14 23:45:37','2017-12-14 23:45:37'),(543,573,11,'',1,13.50,13.50,'2017-12-14 23:45:38','2017-12-14 23:45:38'),(544,573,4,'',1,14.80,14.80,'2017-12-14 23:45:38','2017-12-14 23:45:38'),(545,574,49,'',1,13.50,13.50,'2017-12-15 22:29:29','2017-12-15 22:29:29'),(546,575,10,'',1,13.50,13.50,'2017-12-15 22:47:09','2017-12-15 22:47:09'),(547,575,7,'',1,12.80,12.80,'2017-12-15 22:47:09','2017-12-15 22:47:09'),(548,575,25,'',2,15.80,31.60,'2017-12-15 22:47:09','2017-12-15 22:47:09'),(549,575,53,'',1,13.50,13.50,'2017-12-15 22:47:10','2017-12-15 22:47:10'),(550,576,10,'',1,13.50,13.50,'2017-12-16 22:43:38','2017-12-16 22:43:38'),(551,576,4,'',1,13.80,13.80,'2017-12-16 22:43:38','2017-12-16 22:43:38'),(552,576,25,'',1,15.80,15.80,'2017-12-16 22:43:39','2017-12-16 22:43:39'),(553,576,66,'',1,9.00,9.00,'2017-12-16 22:43:39','2017-12-16 22:43:39'),(554,576,16,'',2,4.50,9.00,'2017-12-16 22:43:39','2017-12-16 22:43:39'),(555,577,38,'',1,16.50,16.50,'2017-12-16 23:42:06','2017-12-16 23:42:06'),(556,577,65,'',1,4.50,4.50,'2017-12-16 23:42:06','2017-12-16 23:42:06'),(557,578,53,'',1,13.50,13.50,'2017-12-18 00:01:06','2017-12-18 00:01:06'),(558,578,3,'',1,12.80,12.80,'2017-12-18 00:01:06','2017-12-18 00:01:06'),(559,579,1,'',1,13.50,13.50,'2017-12-18 00:48:28','2017-12-18 00:48:28'),(560,579,55,'',1,4.50,4.50,'2017-12-18 00:48:28','2017-12-18 00:48:28'),(561,580,1,'',1,16.50,16.50,'2017-12-20 23:20:58','2017-12-20 23:20:58'),(562,580,20,'',1,15.80,15.80,'2017-12-20 23:20:59','2017-12-20 23:20:59'),(563,580,38,'',1,13.50,13.50,'2017-12-20 23:21:00','2017-12-20 23:21:00'),(564,581,26,'Medium',1,13.50,13.50,'2017-12-22 23:06:11','2017-12-22 23:06:11'),(565,582,41,'',1,13.80,13.80,'2017-12-22 23:47:37','2017-12-22 23:47:37'),(566,582,44,'',1,12.50,12.50,'2017-12-22 23:47:37','2017-12-22 23:47:37'),(567,582,16,'',1,4.50,4.50,'2017-12-22 23:47:37','2017-12-22 23:47:37'),(568,583,41,'',1,13.80,13.80,'2017-12-22 23:50:29','2017-12-22 23:50:29'),(569,583,44,'',1,12.50,12.50,'2017-12-22 23:50:29','2017-12-22 23:50:29'),(570,583,16,'',1,4.50,4.50,'2017-12-22 23:50:29','2017-12-22 23:50:29'),(571,584,52,'',1,13.50,13.50,'2017-12-23 19:26:25','2017-12-23 19:26:25'),(572,584,20,'',1,12.80,12.80,'2017-12-23 19:26:25','2017-12-23 19:26:25'),(573,585,4,'',1,13.80,13.80,'2017-12-23 21:29:02','2017-12-23 21:29:02'),(574,586,41,'',1,16.80,16.80,'2017-12-24 00:10:49','2017-12-24 00:10:49'),(575,586,52,'',1,13.50,13.50,'2017-12-24 00:10:50','2017-12-24 00:10:50'),(576,587,41,'',1,16.80,16.80,'2017-12-24 00:10:50','2017-12-24 00:10:50'),(577,587,52,'',1,13.50,13.50,'2017-12-24 00:10:50','2017-12-24 00:10:50'),(578,606,52,'',1,13.50,13.50,'2017-12-24 00:20:28','2017-12-24 00:20:28'),(579,606,41,'',1,16.80,16.80,'2017-12-24 00:20:28','2017-12-24 00:20:28'),(580,607,23,'Hot',1,12.80,12.80,'2017-12-24 00:42:47','2017-12-24 00:42:47'),(581,608,8,'Hot',1,13.50,13.50,'2017-12-24 00:44:04','2017-12-24 00:44:04'),(582,609,8,'Hot',1,13.50,13.50,'2017-12-24 00:45:58','2017-12-24 00:45:58'),(583,610,1,'Medium',1,13.50,13.50,'2017-12-24 18:38:06','2017-12-24 18:38:06'),(584,610,5,'Medium',1,12.80,12.80,'2017-12-24 18:38:06','2017-12-24 18:38:06'),(585,610,49,'',1,13.50,13.50,'2017-12-24 18:38:06','2017-12-24 18:38:06');
/*!40000 ALTER TABLE `orderitems` ENABLE KEYS */;
UNLOCK TABLES;

--
-- Table structure for table `orders`
--

DROP TABLE IF EXISTS `orders`;
/*!40101 SET @saved_cs_client     = @@character_set_client */;
/*!40101 SET character_set_client = utf8 */;
CREATE TABLE `orders` (
  `id` int(10) unsigned NOT NULL AUTO_INCREMENT,
  `ordernumber` bigint(20) unsigned DEFAULT NULL,
  `total` decimal(10,2) NOT NULL,
  `totaldue` double(8,2) DEFAULT NULL,
  `status` tinyint(1) NOT NULL,
  `ordertype` varchar(255) COLLATE utf8_unicode_ci NOT NULL,
  `name` varchar(255) COLLATE utf8_unicode_ci NOT NULL,
  `email` varchar(255) COLLATE utf8_unicode_ci NOT NULL,
  `phonenumber` varchar(255) COLLATE utf8_unicode_ci NOT NULL,
  `token` varchar(255) COLLATE utf8_unicode_ci NOT NULL,
  `paymentflag` tinyint(1) NOT NULL,
  `staff_id` int(11) DEFAULT NULL,
  `paymentmethod_id` int(11) DEFAULT NULL,
  `paymenttime` datetime NOT NULL,
  `shiptime` datetime NOT NULL,
  `shipmethod` varchar(255) COLLATE utf8_unicode_ci DEFAULT NULL,
  `userip` char(50) COLLATE utf8_unicode_ci DEFAULT NULL,
  `comment` text COLLATE utf8_unicode_ci,
  `message` text COLLATE utf8_unicode_ci,
  `created_at` timestamp NULL DEFAULT NULL,
  `updated_at` timestamp NULL DEFAULT NULL,
  PRIMARY KEY (`id`)
) ENGINE=InnoDB AUTO_INCREMENT=611 DEFAULT CHARSET=utf8 COLLATE=utf8_unicode_ci;
/*!40101 SET character_set_client = @saved_cs_client */;

--
-- Dumping data for table `orders`
--

LOCK TABLES `orders` WRITE;
/*!40000 ALTER TABLE `orders` DISABLE KEYS */;
INSERT INTO `orders` VALUES (323,20170121662956,12.00,12.00,4,'pickup','Sam Cao','yeweicao@gmail.com','211751199','',1,1,1,'2017-01-21 08:09:10','2017-01-21 08:09:10','take away','192.168.10.1',NULL,'','2017-01-21 08:09:10','2017-01-21 08:24:10'),(324,20170121644935,27.80,27.80,4,'pickup','Sam Cao','yeweicao@gmail.com','211751199','',1,1,1,'2017-01-21 08:22:58','2017-01-21 08:22:58','take away','192.168.10.1',NULL,'testing ','2017-01-21 08:22:58','2017-01-21 08:24:10'),(325,20170121382379,53.30,54.30,4,'delivery','Sam Cao','yeweicao@gmail.com','211751199','',1,1,1,'2017-01-21 08:25:41','2017-01-21 09:00:00','take away','192.168.10.1',NULL,'second testing.','2017-01-21 08:25:41','2017-01-21 10:14:53'),(326,20170121893541,36.00,37.00,4,'delivery','Sam Cao','yeweicao@gmail.com','211751199','',1,1,1,'2017-01-21 10:04:54','2017-01-21 10:04:54','take away','192.168.10.1',NULL,'cash testing','2017-01-21 10:04:54','2017-01-21 10:14:53'),(327,20170121877434,37.50,37.50,4,'delivery','Sam Cao','yeweicao@gmail.com','211751199','',1,1,1,'2017-01-21 10:09:22','2017-01-21 10:09:22','take away','192.168.10.1',NULL,'','2017-01-21 10:09:22','2017-01-21 10:14:53'),(328,20170121974127,36.00,36.00,4,'delivery','Sam Cao','yeweicao@gmail.com','211751199','Gs4InwVhJoM4yyCzwpcNgBRfLaMnHu7I',2,1,2,'2017-01-21 10:12:53','2017-01-21 10:12:09','take away','192.168.10.1',NULL,NULL,'2017-01-21 10:12:09','2017-01-21 10:14:53'),(329,20170121668577,12.00,13.00,4,'delivery','Sam Cao','yeweicao@gmail.com','211751199','C98yHRTYwsedUvc2bYi0gJYxnHvdRWLv',2,1,2,'2017-01-21 10:13:46','2017-01-21 10:13:21','take away','192.168.10.1',NULL,NULL,'2017-01-21 10:13:21','2017-01-21 10:14:53'),(334,20170125800495,25.00,25.00,4,'pickup','Nicole Barnes','nicolebarnes91@gmail.com','0220397123','',1,1,1,'2017-01-25 18:55:28','2017-01-25 18:55:28','take away','203.184.35.223',NULL,'','2017-01-25 23:55:28','2017-02-16 20:47:31'),(335,20170205538428,37.50,43.50,4,'delivery','Brett','brett.bower.9849@facebook.com','0278117564','A0ThKUp9eRTvBYZN4IwTF1L8X9r1nhP3',2,1,2,'2017-02-05 19:29:29','2017-02-05 19:26:00','take away','163.47.238.29',NULL,NULL,'2017-02-06 00:26:00','2017-02-16 20:47:31'),(338,20170214723984,13.00,13.00,1,'pickup','Nigel Cowan','nigel.cowan@merco.co.nz','021905088','n719pJXu7VI0j134vORVwJIQE5GCyiFR',1,1,2,'2017-02-14 10:55:02','2017-02-14 12:15:00','take away','49.226.156.254',NULL,NULL,'2017-02-14 15:55:02','2017-02-14 15:55:02'),(339,20170214411252,12.50,12.50,1,'pickup','Nigel Cowan','nigel.cowan@merco.co.nz','021905088','XeuWF8onxkxUP1zl8th5MvmxGaszqqqX',1,1,2,'2017-02-14 10:57:45','2017-02-14 12:00:00','take away','49.226.156.254',NULL,NULL,'2017-02-14 15:57:45','2017-02-14 15:57:45'),(340,20170215730901,25.00,25.00,4,'pickup','Klaus Gerding','klaus@gerding.net','0226224780','',1,1,1,'2017-02-15 18:47:28','2017-02-15 18:47:28','take away','202.56.38.163',NULL,'','2017-02-15 23:47:28','2017-02-16 20:46:51'),(341,20170218806719,12.50,12.50,4,'pickup','Tarlei','michael.tarlei@hotmail.com','068440403','',1,1,1,'2017-02-18 17:24:01','2017-02-18 17:24:01','take away','121.75.197.251',NULL,'','2017-02-18 22:24:01','2017-02-20 18:46:18'),(342,20170218269756,12.50,12.50,4,'pickup','Lavinia Adshead','b.ladshead@hotmail.com','0275091116','',1,1,1,'2017-02-18 17:51:24','2017-02-18 18:15:00','take away','121.75.171.122',NULL,'To pay on pick up ','2017-02-18 22:51:24','2017-02-20 18:46:18'),(343,20170224738731,25.00,25.00,4,'pickup','Paula Smith','paulamaree@hotmail.com','0212880778','',1,1,1,'2017-02-24 17:25:28','2017-02-24 17:25:28','take away','121.74.105.241',NULL,'','2017-02-24 22:25:28','2017-02-24 22:54:05'),(344,20170224871586,25.00,25.00,4,'pickup','Lachlan Clair','lachyclair@hotmail.com','225316344','',1,1,1,'2017-02-24 18:23:04','2017-02-24 18:23:04','take away','118.149.223.7',NULL,'','2017-02-24 23:23:04','2017-02-24 23:50:00'),(345,20170303655253,25.00,28.00,1,'delivery','Lachlan Clair','lachyclair@hotmail.com','225316344','VEqICPz6dzapwEoKZ38akOgI4LLzAAWB',1,1,2,'2017-03-03 20:24:17','2017-03-03 20:24:17','take away','202.137.246.252',NULL,NULL,'2017-03-04 01:24:17','2017-03-04 01:24:17'),(346,20170303363069,25.00,25.00,4,'pickup','Lachlan Clair','lachyclair@hotmail.com','225316344','',1,1,1,'2017-03-03 20:27:30','2017-03-03 20:27:30','take away','202.137.246.252',NULL,'','2017-03-04 01:27:30','2017-03-11 00:06:28'),(347,20170309445233,25.00,25.00,4,'pickup','Paula Smith','paulamaree@hotmail.com','212880778','',1,1,1,'2017-03-09 18:02:47','2017-03-09 18:02:47','take away','49.224.80.253',NULL,'','2017-03-09 23:02:47','2017-03-11 00:06:27'),(348,20170310408639,25.00,31.00,4,'delivery','katina','katinaskepetaris@hotmail.com','0212505337','',1,1,1,'2017-03-10 18:37:08','2017-03-10 18:37:08','take away','203.109.218.120',NULL,'','2017-03-10 23:37:08','2017-03-11 00:06:27'),(349,20170311360831,43.50,46.50,4,'delivery','Liz Gibson ','lizisakiwi@gmail.com','068447355','IeVjo3jGMAmmuhtA1EhkUQkx4jUZ3DXV',2,1,2,'2017-03-11 17:46:39','2017-03-11 18:30:00','take away','49.224.194.24',NULL,NULL,'2017-03-11 22:45:29','2017-03-12 18:21:59'),(350,20170312985394,37.50,43.50,4,'delivery','Jordan Lewis','jordan_lewis@rocketmail.com','0276993000','LjQLpB2bCnM2MlVVyywmXXlROzOr1OsZ',2,1,2,'2017-03-12 18:35:50','2017-03-12 18:34:39','take away','103.224.128.92',NULL,NULL,'2017-03-12 22:34:39','2017-03-12 23:21:08'),(351,20170316906534,37.50,43.50,4,'delivery','Nikki','nikki@tightlines.co.nz','021620797','',1,1,1,'2017-03-16 18:28:48','2017-03-16 18:28:48','take away','202.56.42.99',NULL,'','2017-03-16 22:28:48','2017-03-16 22:46:35'),(352,20170318652969,15.00,24.00,4,'delivery','Harry','bigm752003@yahoo.com','068446796','',1,1,1,'2017-03-18 17:35:10','2017-03-18 17:35:10','take away','125.239.238.9',NULL,'','2017-03-18 21:35:10','2017-03-25 20:59:20'),(353,20170318305257,26.50,26.50,4,'pickup','Ben Gilmour ','ashleigh-hill@hotmail.co.nz','021338251','',1,1,1,'2017-03-18 18:39:06','2017-03-18 19:00:00','take away','121.75.191.78',NULL,'','2017-03-18 22:39:06','2017-03-25 20:59:20'),(354,20170318794773,33.00,39.00,4,'delivery','Samantha','sammy.mcdowall@yahoo.co.nz','0275461970','Pd9tdUP2bZvnCoCVpnT9jk5Kch6DQFDV',2,1,2,'2017-03-18 18:45:48','2017-03-18 18:43:54','take away','163.47.236.134',NULL,NULL,'2017-03-18 22:43:54','2017-03-25 20:59:20'),(355,20170318952091,15.00,15.00,4,'pickup','Eileen','transformationguru@gmail.com','068446333','',1,1,1,'2017-03-18 19:03:00','2017-03-18 19:03:00','take away','103.5.108.79',NULL,'','2017-03-18 23:03:00','2017-03-25 20:59:20'),(356,20170321449544,12.50,12.50,1,'pickup','Sydney','sydneywise@nghs.school.nz','0273947516','BWpzT6DsZijNaLyk2fNrh1SacL0JAWT1',1,1,2,'2017-03-21 17:46:39','2017-03-21 17:46:39','take away','115.189.95.116',NULL,NULL,'2017-03-21 21:46:39','2017-03-21 21:46:39'),(357,20170321467241,12.50,12.50,4,'pickup','Sydney','sydneywise@nghs.school.nz','0273947516','',1,1,1,'2017-03-21 17:47:54','2017-03-21 17:47:54','take away','115.189.95.116',NULL,'','2017-03-21 21:47:54','2017-03-25 20:59:20'),(358,20170328582292,28.50,28.50,4,'pickup','Hetty ','rayalover@hotmail.com','021784010','',1,1,1,'2017-03-28 16:20:42','2017-03-28 17:15:00','take away','202.124.120.242',NULL,'','2017-03-28 20:20:42','2017-04-04 21:39:45'),(359,20170328851510,77.50,80.50,1,'delivery','Liz Gibson','lizisakiwi@gmail.com','068447355','upfYTIGTJgoO8b9Mo0SjOmx4rL43CO2t',1,1,2,'2017-03-28 18:38:18','2017-03-28 18:38:18','take away','163.47.236.55',NULL,NULL,'2017-03-28 22:38:18','2017-03-28 22:38:18'),(360,20170328353598,43.50,46.50,4,'delivery','Liz Gibson','lizisakiwi@gmail.com','068447355','Aurmt9IAZMwBCt1DvuiLOVWSKVjAoY6f',2,1,2,'2017-03-28 18:41:12','2017-03-28 19:00:00','take away','163.47.236.55',NULL,NULL,'2017-03-28 22:40:18','2017-04-04 21:39:45'),(361,20170402686671,32.00,32.00,4,'pickup','Maurice Forster-Pratt','haitchy3825@me.com','068444045','',1,1,1,'2017-04-02 17:29:06','2017-04-02 17:29:06','take away','150.107.175.250',NULL,'','2017-04-02 21:29:06','2017-04-04 21:39:45'),(362,20170404153990,13.00,22.00,4,'delivery','Harry','bigm752003@yahoo.com','068446796','',1,1,1,'2017-04-04 16:54:39','2017-04-04 17:15:00','take away','222.152.202.132',NULL,'21A Park Road, Greenmeadows\r\nPhone 06-844-6796\r\nHave ordered online from you before\r\nCheers','2017-04-04 20:54:39','2017-04-04 21:39:45'),(363,20170405862571,12.50,12.50,4,'pickup','Diana Strijdom','diana.strijdom@gmail.com','0272460242','',1,1,1,'2017-04-05 12:40:20','2017-04-05 12:40:20','take away','202.56.34.95',NULL,'','2017-04-05 16:40:20','2017-04-23 20:16:38'),(364,20170406620353,43.50,46.50,4,'delivery','Liz Gibson ','lizisakiwi@gmail.com','068447355','jz1kfRnUIsR8gFBcd23e5koDkCOlo8jV',2,1,2,'2017-04-06 18:02:15','2017-04-06 18:00:48','take away','49.224.73.191',NULL,NULL,'2017-04-06 22:00:48','2017-04-23 20:16:38'),(365,20170409276982,27.50,30.50,4,'delivery','Duncan Pollock','dandactpollock@gmail.com','068449878','',1,1,1,'2017-04-09 15:30:32','2017-04-09 17:00:00','take away','121.72.88.121',NULL,'','2017-04-09 19:30:32','2017-04-23 20:16:38'),(366,20170412557565,46.50,70.50,1,'delivery','Chani','c.alia.sharp@gmail.com','0210444429','enH2UtQECvDSi9ZLsTj3GN2dvIRS5D4D',1,1,2,'2017-04-12 14:39:44','2017-04-12 14:39:44','take away','121.75.193.10',NULL,NULL,'2017-04-12 18:39:44','2017-04-12 18:39:44'),(367,20170413213731,28.50,34.50,4,'delivery','Sam mcdowall','sammy.mcdowall@yahoo.co.nz','0275461970','6pWxloJOSrrj3V9qyZBktNGYxVKjlFzx',2,1,2,'2017-04-13 19:06:00','2017-04-13 19:04:47','take away','163.47.236.134',NULL,NULL,'2017-04-13 23:04:47','2017-04-23 20:16:37'),(368,20170416732981,12.50,12.50,1,'pickup','Nigel Cowan','nigel.cowan@merco.co.nz','021905088','S0Y7u5gialV6E3TiEmAj7roe5udbRpTG',1,1,2,'2017-04-16 09:53:16','2017-04-16 13:00:00','take away','49.224.202.78',NULL,NULL,'2017-04-16 13:53:16','2017-04-16 13:53:16'),(369,20170416761567,12.50,18.50,4,'delivery','Tama','tama_tuake@hotmail.com','0220256954','',1,1,1,'2017-04-16 19:04:39','2017-04-16 19:04:39','take away','47.72.96.242',NULL,'Back house ','2017-04-16 23:04:39','2017-04-23 20:16:37'),(370,20170419314768,34.00,37.00,1,'delivery','Andrew','nirvanajamchains@gmail.com','02108710123','u6eUJhE5NhW049UmSsWLVAkUu1lpi7fO',1,1,2,'2017-04-19 16:56:29','2017-04-19 17:45:00','take away','60.234.87.204',NULL,NULL,'2017-04-19 20:56:29','2017-04-19 20:56:29'),(371,20170419170634,29.50,32.50,1,'delivery','Andrew','nirvanajamchains@gmail.com','02108710123','qFiFyfqP2rSI3DqvA8WRun713mtmLkh3',1,1,2,'2017-04-19 16:59:47','2017-04-19 17:45:00','take away','60.234.87.204',NULL,NULL,'2017-04-19 20:59:47','2017-04-19 20:59:47'),(372,20170419643537,17.00,17.00,1,'pickup','Diana Strijdom','diana.strijdom@gmail.com','0272460242','AaRYF5fhL4ydIrPbBlJ73CMKyE39a8vc',1,1,2,'2017-04-19 18:21:23','2017-04-19 18:21:23','take away','163.47.238.33',NULL,NULL,'2017-04-19 22:21:23','2017-04-19 22:21:23'),(373,20170419932650,17.00,17.00,4,'pickup','Diana Strijdom','diana.strijdom@gmail.com','0272460242','VU1pFEazGZOVEjS8XmRr3Nt6ePkWI7Ar',2,1,2,'2017-04-19 18:27:10','2017-04-19 18:25:32','take away','163.47.238.33',NULL,NULL,'2017-04-19 22:25:32','2017-04-23 20:16:37'),(374,20170419167705,25.00,25.00,4,'pickup','Chris Hammond','chrisham96@hotmail.com','0277496324','',1,1,1,'2017-04-19 20:05:11','2017-04-19 20:05:11','take away','101.100.135.148',NULL,'','2017-04-20 00:05:11','2017-04-23 20:16:37'),(375,20170420335033,25.00,25.00,4,'pickup','Sue poole','poolesmith@xtra.co.nz','0272436181','',1,1,1,'2017-04-20 17:36:54','2017-04-20 18:00:00','take away','125.238.48.234',NULL,'','2017-04-20 21:36:54','2017-04-23 20:16:37'),(376,20170420895603,53.00,56.00,1,'delivery','Liz Gibson ','lizisakiwi@gmail.com','068447355','1Y642jwyH0VFrjTwmizWV6qDoOeheG16',1,1,2,'2017-04-20 17:57:42','2017-04-20 18:30:00','take away','163.47.236.55',NULL,NULL,'2017-04-20 21:57:42','2017-04-20 21:57:42'),(377,20170420962211,0.00,3.00,1,'delivery','Liz Gibson ','lizisakiwi@gmail.com','068447355','76JEoBpwbTETINMArfTVP5LXKhxTx7X3',1,1,2,'2017-04-20 17:57:52','2017-04-20 18:30:00','take away','163.47.236.55',NULL,NULL,'2017-04-20 21:57:52','2017-04-20 21:57:52'),(378,20170420809476,53.00,56.00,4,'delivery','Liz Gibson ','lizisakiwi@gmail.com','068447355','bYmYFoLbpwESZKFK5ojcnqPLXRTsVXQq',2,1,2,'2017-04-20 18:00:30','2017-04-20 18:30:00','take away','163.47.236.55',NULL,NULL,'2017-04-20 21:59:31','2017-04-23 20:16:36'),(379,20170423877128,27.50,30.50,4,'delivery','Duncan Pollock','dtandacpollock@gmail.com','068449878','',1,1,1,'2017-04-23 15:19:21','2017-04-23 17:00:00','take away','121.72.80.251',NULL,'','2017-04-23 19:19:21','2017-04-23 20:16:36'),(382,20170427271720,43.50,46.50,4,'delivery','Liz Gibson','lizisakiwi@gmail.com','068447355','evTiHxdXel4fSUNoiFCUcpdrr7m4A39E',2,1,2,'2017-04-27 18:26:42','2017-04-27 18:25:44','take away','163.47.236.55',NULL,NULL,'2017-04-27 22:25:44','2017-04-28 00:18:32'),(383,20170428664606,42.00,42.00,4,'pickup','Nigel shaw','nigel.shaw@gmail.com','068454465','',1,1,1,'2017-04-28 18:23:38','2017-04-28 18:23:38','take away','163.47.106.192',NULL,'','2017-04-28 22:23:38','2017-04-29 18:17:16'),(384,20170428716672,12.50,12.50,4,'pickup','Lachlan Clair','lachyclair@hotmail.com','0225316344','',1,1,1,'2017-04-28 19:55:09','2017-04-28 19:55:09','take away','202.137.246.252',NULL,'','2017-04-28 23:55:09','2017-04-29 18:17:16'),(386,20170430546507,33.70,33.70,4,'pickup','Scottie','charyl.sharplin17@gmail.com','0273275000','',1,1,1,'2017-04-30 15:23:55','2017-04-30 15:45:00','take away','163.47.238.151',NULL,'','2017-04-30 19:23:55','2017-04-30 20:31:01'),(387,20170505953779,12.50,12.50,4,'pickup','Lachlan Clair','lachyclair@hotmail.com','0225316344','',1,1,1,'2017-05-05 20:44:15','2017-05-05 20:44:15','take away','202.137.246.252',NULL,'','2017-05-06 00:44:15','2017-05-13 18:51:40'),(388,20170506741303,25.00,25.00,4,'pickup','Nicole ','nicoleygolia@gmail.com','0272142519','',1,1,1,'2017-05-06 17:29:06','2017-05-06 17:29:06','take away','219.89.140.140',NULL,'','2017-05-06 21:29:06','2017-05-13 18:51:40'),(389,20170508159166,42.00,42.00,4,'pickup','Diana Strijdom','diana.strijdom@gmail.com','0272460242','',1,1,1,'2017-05-08 17:42:24','2017-05-08 18:00:00','take away','163.47.238.33',NULL,'','2017-05-08 21:42:24','2017-05-13 18:51:40'),(390,20170509704437,38.50,38.50,4,'pickup','Glenn Gray','gdawg534@gmail.com','021375786','',1,1,1,'2017-05-09 17:46:03','2017-05-09 18:00:00','take away','121.75.173.250',NULL,'','2017-05-09 21:46:03','2017-05-13 18:51:40'),(391,20170511327048,12.50,12.50,4,'pickup','hanna','hannarussell102@yahoo.co.nz','0278252305','',1,1,1,'2017-05-11 16:20:12','2017-05-11 16:20:12','take away','163.47.238.130',NULL,'','2017-05-11 20:20:12','2017-05-13 18:51:40'),(392,20170511226838,25.00,25.00,4,'pickup','Rochelle','rochelleallan@live.com','0274483183','',1,1,1,'2017-05-11 18:13:48','2017-05-11 18:13:48','take away','115.189.86.7',NULL,'','2017-05-11 22:13:48','2017-05-13 18:51:40'),(393,20170511586754,26.00,26.00,4,'pickup','Ro','rororingia@outlook.com','0273731643','',1,1,1,'2017-05-11 18:22:54','2017-05-11 18:22:54','take away','115.189.84.119',NULL,'','2017-05-11 22:22:54','2017-05-13 18:51:40'),(394,20170512684202,12.50,12.50,4,'pickup','anita','anita.deborst@outlook.com','0272270282','',1,1,1,'2017-05-12 19:04:34','2017-05-12 19:04:34','take away','115.189.135.82',NULL,'','2017-05-12 23:04:34','2017-05-13 18:51:40'),(395,20170513809388,14.00,17.00,4,'delivery','Harry','bigm752003@yahoo.com','068446796','',1,1,1,'2017-05-13 17:55:38','2017-05-13 17:55:38','take away','125.238.49.141',NULL,'Delivery to 21A Park Road, Greenmeadows','2017-05-13 21:55:38','2017-05-13 22:50:32'),(396,20170513161157,43.50,46.50,4,'delivery','Liz Gibson ','lizisakiwi@gmail.com','068447355','OgiM8bYDU8lAcRea4SVYXGGXRX82Jg48',2,1,2,'2017-05-13 18:18:27','2017-05-13 18:17:15','take away','49.224.66.127',NULL,'','2017-05-13 22:17:15','2017-05-13 22:50:32'),(397,20170516980640,42.00,42.00,4,'pickup','Diana','diana.strijdom@gmail.com','0272460242','',1,1,1,'2017-05-16 16:38:06','2017-05-16 17:15:00','take away','202.56.34.95',NULL,'','2017-05-16 20:38:06','2017-05-17 18:57:22'),(398,20170518515844,17.00,17.00,4,'pickup','Rebecca','rebecca@tbadesign.co.nz','0274210794','',1,1,1,'2017-05-18 18:07:10','2017-05-18 18:07:10','take away','125.238.37.20',NULL,'','2017-05-18 22:07:10','2017-05-20 17:22:24'),(399,20170519770652,12.50,12.50,4,'pickup','hanna','hannarussell102@yahoo.co.nz','0278252305','',1,1,1,'2017-05-19 13:36:21','2017-05-19 13:36:21','take away','163.47.238.130',NULL,'','2017-05-19 17:36:21','2017-05-20 17:22:24'),(400,20170519175375,28.50,31.50,4,'delivery','jasper','katinaskepetaris@hotmail.com','0212505337','',1,1,1,'2017-05-19 19:07:49','2017-05-19 19:07:49','take away','47.72.94.134',NULL,'','2017-05-19 23:07:49','2017-05-20 17:22:24'),(401,20170520730869,25.00,25.00,4,'pickup','Anna','anna@gmail.com','0276923512','',1,1,1,'2017-05-20 17:36:18','2017-05-20 18:00:00','take away','202.56.42.184',NULL,'','2017-05-20 21:36:18','2017-05-21 00:14:44'),(402,20170521296574,25.00,40.00,4,'delivery','Brian winiata ','brian.winiata@gmail.com','0211368128','',1,1,1,'2017-05-21 19:25:32','2017-05-21 19:25:32','take away','203.160.122.72',NULL,'','2017-05-21 23:25:32','2017-05-22 00:01:27'),(403,20170525322957,28.50,31.50,1,'delivery','Samantha mcdowall','sammy.mcdowall@yahoo.co.nz','0275461970','ZKGPcbKTLSgSnCmM7sxW6wu9Ff6Ki3Pi',1,1,2,'2017-05-25 18:50:23','2017-05-25 18:50:23','take away','163.47.236.134',NULL,'','2017-05-25 22:50:23','2017-05-25 22:50:23'),(404,20170525657522,28.50,31.50,4,'delivery','Samantha mcdowall','sammy.mcdowall@yahoo.co.nz','0275461970','vnytfE0vkfHWb2IMScJw1XXlc2881IXa',2,1,2,'2017-05-25 18:54:50','2017-05-25 18:53:35','take away','163.47.236.134',NULL,'Thank you','2017-05-25 22:53:35','2017-05-26 20:20:19'),(405,20170526210552,25.00,25.00,4,'pickup','Anita de Borst','anita.deborst@outlook.com','0272270282','',1,1,1,'2017-05-26 18:23:16','2017-05-26 18:23:16','take away','103.224.129.166',NULL,'','2017-05-26 22:23:16','2017-05-27 18:44:19'),(406,20170526431653,25.00,40.00,4,'delivery','Brian winiata ','brian.winiata@gmail.com','0211368128','',1,1,1,'2017-05-26 19:37:06','2017-05-26 19:37:06','take away','203.160.122.72',NULL,'','2017-05-26 23:37:06','2017-05-27 18:44:19'),(407,20170601420087,29.50,29.50,4,'pickup','Rochelle Allan','rochelleallan@live.com','0274483183','',1,1,1,'2017-06-01 18:03:05','2017-06-01 18:03:05','take away','115.189.86.136',NULL,'','2017-06-01 22:03:05','2017-06-03 19:35:30'),(408,20170602122787,28.00,31.00,4,'delivery','Liz Gibson','lizisakiwi@gmail.com','068447355','tjUSiXUlegOoyiftMDUAQuwMR06zaf9Z',2,1,2,'2017-06-02 18:20:08','2017-06-02 18:18:48','take away','49.224.111.159',NULL,'','2017-06-02 22:18:48','2017-06-03 19:35:30'),(415,20170613982332,25.00,25.00,4,'pickup','Lachlan Clair','lachyclair@hotmail.com','0225316344','',1,1,1,'2017-06-13 19:30:48','2017-06-13 19:30:48','take away','202.137.246.252',NULL,'','2017-06-13 23:30:48','2017-06-19 03:52:33'),(416,20170614621547,44.00,47.00,4,'delivery','Liz Gibson ','lizisakiwi@gmail.com','068447355','',1,1,1,'2017-06-14 18:17:15','2017-06-14 18:17:15','take away','49.224.106.12',NULL,'','2017-06-14 22:17:15','2017-06-19 03:52:33'),(419,20170618560867,130.00,130.00,4,'pickup','Sam Cao','yeweicao@gmail.com','211751199','',1,1,1,'2017-06-18 23:17:17','2017-06-18 23:17:17','take away','115.69.191.240',NULL,'','2017-06-19 03:17:17','2017-06-19 03:50:21'),(420,20170621717640,28.50,31.50,4,'delivery','Samantha ','sammy.mcdowall@yahoo.co.nz','0275461970','ePG7y16JMDil4ddiAgx0qcFeZJORcteb',2,1,2,'2017-06-21 18:28:52','2017-06-21 18:28:10','take away','163.47.236.134',NULL,'','2017-06-21 22:28:10','2017-06-23 03:38:12'),(421,20170622916071,25.00,28.00,1,'delivery','Shannon ','shannonmabey95@gmail.com','0278436721','bY0YmITF5EHQQbzKz3eT9gg8BA67lJFg',1,1,2,'2017-06-22 12:14:19','2017-06-22 12:14:19','take away','121.75.199.52',NULL,'','2017-06-22 16:14:19','2017-06-22 16:14:19'),(422,20170622645637,25.00,28.00,1,'delivery','Shannon ','shannonmabey95@gmail.com','0278436721','WS1lK5XqFg83M5b2j7THQdHe58xEokuY',1,1,2,'2017-06-22 12:19:48','2017-06-22 12:19:48','take away','121.75.199.52',NULL,'','2017-06-22 16:19:48','2017-06-22 16:19:48'),(423,20170622566758,44.00,47.00,4,'delivery','Liz Gibson','lizisakiwi@gmail.com','068447355','iRGP14Z8WXfMX2tTe9Gf6uTArHSwJa4H',2,1,2,'2017-06-22 18:22:23','2017-06-22 18:21:31','take away','163.47.236.55',NULL,'','2017-06-22 22:21:31','2017-06-23 03:40:03'),(424,20170622730660,113.50,113.50,1,'delivery','Kellie','hudsandkel@gmail.com','0272766064','',1,1,1,'2017-06-22 18:58:29','2017-06-22 18:58:29','take away','202.56.36.230',NULL,'Order for kellie','2017-06-22 22:58:29','2017-06-22 22:58:29'),(425,20170622652547,25.00,40.00,4,'delivery','Storm','stormeaton@yahoo.co.nz','02102955833','',1,1,1,'2017-06-22 19:58:53','2017-06-22 19:58:53','take away','203.160.122.72',NULL,'','2017-06-22 23:58:53','2017-06-23 03:51:15'),(429,20170623699579,25.00,25.00,4,'pickup','Nikki Cooper','nikkicooper@xtra.co.nz','0212938685','',1,1,1,'2017-06-23 18:05:38','2017-06-23 18:30:00','take away','222.155.216.58',NULL,'','2017-06-23 22:05:38','2017-06-26 17:52:34'),(430,20170624457993,21.50,21.50,4,'pickup','Rebecca','rebecca@tbadesign.co.nz','0274210794','6vq0h6nhLc8UV1By5qeOGzmifxxt15hM',2,1,2,'2017-06-24 17:32:36','2017-06-24 17:45:00','take away','222.152.149.222',NULL,'','2017-06-24 21:31:07','2017-06-26 17:52:34'),(431,20170627809561,51.50,51.50,4,'pickup','Nigel','born2ebay@gmail.com','068454465','',1,1,1,'2017-06-27 18:19:39','2017-06-27 18:19:39','take away','103.9.43.172',NULL,'','2017-06-27 22:19:39','2017-06-30 14:37:19'),(432,20170628425742,25.00,25.00,4,'pickup','Kylie Basire','kyliebasire@yahoo.co.nz','021720194','',1,1,1,'2017-06-28 17:19:53','2017-06-28 17:45:00','take away','49.224.101.120',NULL,'','2017-06-28 21:19:53','2017-06-30 14:37:18'),(433,20170628680259,25.00,28.00,1,'delivery','Alana Geddes','dnav8er@gmail.com','0221095451','gMvCsD6kz0y5owmF3LMI9EfNRxwOheBd',1,1,2,'2017-06-28 20:43:54','2017-06-28 20:43:54','take away','101.98.105.52',NULL,'','2017-06-29 00:43:54','2017-06-29 00:43:54'),(434,20170629304855,52.50,52.50,4,'delivery','Alana Geddes','dnav8er@gmail.com','0221095451','',1,1,1,'2017-06-29 17:14:34','2017-06-29 17:14:34','take away','101.98.105.52',NULL,'My phone number is 0221095451','2017-06-29 21:14:34','2017-06-30 14:37:18'),(435,20170629659695,65.00,65.00,4,'pickup','CJ','rororingia@outlook.com','0273731643','',1,1,1,'2017-06-29 18:22:51','2017-06-29 18:22:51','take away','115.189.82.33',NULL,'','2017-06-29 22:22:51','2017-06-30 14:37:18'),(436,20170701588288,17.00,20.00,4,'delivery','Harry','bigm752003@yahoo.com','068446796','',1,1,1,'2017-07-01 18:08:14','2017-07-01 18:30:00','take away','125.238.35.112',NULL,'21A Park Road. You have delivered to me before. Paying cash. Thank you.','2017-07-01 22:08:14','2017-07-01 23:55:33'),(437,20170701282207,43.50,46.50,4,'delivery','Liz Gibson ','lizisakiwi@gmail.com','068447355','olRc4lbzScNyGccF9bzyaOfHkKzw52U0',2,1,2,'2017-07-01 18:22:12','2017-07-01 18:20:59','take away','49.224.107.137',NULL,'','2017-07-01 22:20:59','2017-07-01 23:55:33'),(439,20170706862875,81.20,81.20,4,'pickup','CJ','rororingia@outlook.com','0273731643','',1,1,1,'2017-07-06 18:18:18','2017-07-06 18:18:18','take away','115.189.83.65',NULL,'','2017-07-06 22:18:18','2017-07-08 01:45:16'),(440,20170707749854,40.50,40.50,4,'pickup','James Barnes','ja.barnes@hotmail.com','0212122907','',1,1,1,'2017-07-07 15:16:24','2017-07-07 17:30:00','take away','125.239.229.78',NULL,'','2017-07-07 19:16:24','2017-07-08 01:45:16'),(441,20170709304557,27.00,39.00,4,'delivery','Zara','zarapuna@gmail.com','0273659561','',1,1,1,'2017-07-09 16:35:29','2017-07-09 16:35:29','take away','115.189.129.246',NULL,'','2017-07-09 20:35:29','2017-07-09 20:50:40'),(442,20170709160868,36.00,36.00,4,'pickup','Rochelle Allan','rochelleallan@live.com','0274483183','',1,1,1,'2017-07-09 17:00:19','2017-07-09 17:00:19','take away','222.155.58.78',NULL,'','2017-07-09 21:00:19','2017-07-09 22:41:07'),(443,20170714592596,40.50,40.50,4,'pickup','James','ja.barnes@hotmail.com','0272011434','',1,1,1,'2017-07-14 14:45:18','2017-07-14 17:30:00','take away','125.239.229.78',NULL,'','2017-07-14 18:45:18','2017-07-15 22:22:54'),(444,20170714594093,81.90,81.90,4,'delivery','Sara','sky6lu3@gmail.com','02041402600','',1,1,1,'2017-07-14 17:07:30','2017-07-14 17:07:30','take away','222.152.146.233',NULL,'','2017-07-14 21:07:30','2017-07-15 22:22:54'),(445,20170715306590,27.00,27.00,4,'pickup','Kelly Elder','samandkelly@windowslive.com','068448233','',1,1,1,'2017-07-15 18:43:06','2017-07-15 18:43:06','take away','222.155.60.238',NULL,'','2017-07-15 22:43:06','2017-07-16 00:12:04'),(448,20170719857308,26.30,26.30,4,'pickup','Rebecca','rebecca@tbadesign.co.nz','0274210794','uIG01spaHSfv8QJm2wT4sDz6vCK5tr7O',2,1,2,'2017-07-19 18:07:12','2017-07-19 18:15:00','take away','219.89.136.43',NULL,'','2017-07-19 22:04:47','2017-07-19 23:30:24'),(449,20170719656180,27.00,30.00,4,'delivery','Liz Gibson','lizisakiwi@gmail.com','068447355','eUxuaPW5Jtzx4eutv68VJEf7S7y5MW36',2,1,2,'2017-07-19 18:31:13','2017-07-19 18:30:22','take away','163.47.236.183',NULL,'','2017-07-19 22:30:22','2017-07-19 23:30:24'),(450,20170720588068,36.00,36.00,4,'pickup','Rochelle Allan','rochelleallan@live.com','0274483183','',1,1,1,'2017-07-20 18:41:44','2017-07-20 18:41:44','take away','115.189.83.219',NULL,'','2017-07-20 22:41:44','2017-07-20 23:24:43'),(451,20170720172900,36.10,36.10,4,'pickup','Denise ','denise@lorrigan.com','021355221','',1,1,1,'2017-07-20 19:12:21','2017-07-20 19:12:21','take away','121.75.192.56',NULL,'','2017-07-20 23:12:21','2017-07-23 03:07:23'),(452,20170721662736,27.00,42.00,4,'delivery','Storm','stormeaton@yahoo.co.nz','02102955833','',1,1,1,'2017-07-21 19:28:35','2017-07-21 21:00:00','take away','203.160.122.72',NULL,'','2017-07-21 23:28:35','2017-07-23 03:07:22'),(453,20170722289963,13.50,16.50,4,'delivery','Jenna mabey ','jennamabey@windowslive.com','0212662056','',1,1,1,'2017-07-22 19:26:07','2017-07-22 19:26:07','take away','121.75.198.148',NULL,'','2017-07-22 23:26:07','2017-07-23 03:07:22'),(454,20170727985990,27.30,27.30,4,'pickup','Sam ','1530sammy@gmail.com','02102748562','',1,1,1,'2017-07-27 17:27:12','2017-07-27 17:45:00','take away','118.149.211.113',NULL,'','2017-07-27 21:27:12','2017-07-28 19:24:24'),(455,20170727899080,36.00,36.00,4,'pickup','Rochelle Allan','rochelleallan@live.com','0274483183','',1,1,1,'2017-07-27 19:08:35','2017-07-27 19:08:35','take away','202.56.52.127',NULL,'','2017-07-27 23:08:35','2017-07-28 19:24:24'),(456,20170728272113,13.50,13.50,4,'pickup','Jo','jocolesnz@gmail.com','0274492109','',1,1,1,'2017-07-28 17:35:00','2017-07-28 17:35:00','take away','115.189.98.214',NULL,'','2017-07-28 21:35:00','2017-07-29 00:24:59'),(457,20170728937707,16.50,19.50,4,'delivery','Kim','kim-berley@windowslive.com','0273457011','',1,1,1,'2017-07-28 20:04:44','2017-07-28 20:04:44','take away','222.155.205.22',NULL,'','2017-07-29 00:04:44','2017-07-29 00:24:59'),(458,20170803311857,40.80,40.80,4,'pickup','Jude Kelly','judegibbs30@hotmail.com','021045706','',1,1,1,'2017-08-03 16:57:18','2017-08-03 17:15:00','take away','202.137.243.48',NULL,'pick up approx 5.20pm today please','2017-08-03 20:57:18','2017-08-07 23:17:16'),(459,20170804911214,65.60,65.60,4,'pickup','Gavin ','rachelmc54@gmail.com','021360791','',1,1,1,'2017-08-04 17:00:31','2017-08-04 17:30:00','take away','203.160.112.92',NULL,'','2017-08-04 21:00:31','2017-08-07 23:17:16'),(460,20170804592538,40.50,52.50,1,'delivery','Kelly Wardle','kel.wardle@gmail.com','0212233370','Z1NlgXwx6F4PDNCZBWfHiocnAf7xkq8q',1,1,2,'2017-08-04 18:36:16','2017-08-04 18:36:16','take away','115.188.20.182',NULL,'','2017-08-04 22:36:16','2017-08-04 22:36:16'),(461,20170804798659,40.50,52.50,4,'delivery','Kelly Wardle','kel.wardle@gmail.com','0212233370','',1,1,1,'2017-08-04 18:42:42','2017-08-04 18:42:42','take away','115.188.20.182',NULL,'','2017-08-04 22:42:42','2017-08-07 23:17:16'),(462,20170804213285,26.30,41.30,4,'delivery','Storm','stormeaton@yahoo.co.nz','02102955833','',1,1,1,'2017-08-04 20:23:34','2017-08-04 20:23:34','take away','118.149.205.88',NULL,'','2017-08-05 00:23:34','2017-08-07 23:17:16'),(463,20170804124868,27.00,27.00,4,'pickup','Lachlan Clair','lachyclair@hotmail.com','0225316344','',1,1,1,'2017-08-04 20:36:24','2017-08-04 20:36:24','take away','202.137.246.252',NULL,'','2017-08-05 00:36:24','2017-08-07 23:17:16'),(464,20170805966679,26.30,26.30,4,'pickup','Allan ','rach.lucas@hotmail.com','0272890418','',1,1,1,'2017-08-05 18:34:42','2017-08-05 18:34:42','take away','115.189.82.31',NULL,'','2017-08-05 22:34:42','2017-08-07 23:17:16'),(465,20170806498911,22.50,22.50,4,'pickup','Natalie Atkins','natalieatkins@slingshot.co.nz','0272550877','ztnqu8ziZWOU8UqWPS8M4tV6LJ2gt98M',2,1,2,'2017-08-06 17:19:08','2017-08-06 18:00:00','take away','163.47.236.2',NULL,'','2017-08-06 21:17:23','2017-08-07 23:17:16'),(466,20170810789236,27.00,27.00,4,'pickup','Lachlan Clair','lachyclair@hotmail.com','225316344','',1,1,1,'2017-08-10 18:12:10','2017-08-10 18:12:10','take away','202.137.246.252',NULL,'','2017-08-10 22:12:10','2017-08-13 22:40:19'),(467,20170811146593,27.00,27.00,4,'pickup','Jo','jocolesnz@gmail.com','0274492109','',1,1,1,'2017-08-11 17:34:44','2017-08-11 17:34:44','take away','115.189.100.10',NULL,'Thanks ','2017-08-11 21:34:44','2017-08-13 22:40:18'),(468,20170811305540,45.80,48.80,4,'delivery','Liz Gibson ','lizisakiwi@gmail.com','068447355','Qe2brZNML76cy9gzaNPF4Oa9O4Pa18RZ',2,1,2,'2017-08-11 18:34:08','2017-08-11 18:32:56','take away','163.47.236.55',NULL,'','2017-08-11 22:32:56','2017-08-13 22:40:18'),(469,20170813472509,42.80,45.80,4,'delivery','Paul Anderson','freeenergy1964@gmail.com','0273001140','go05iCpeVG8K5aCdMQFluICHNCzNqcBt',2,1,2,'2017-08-13 11:46:38','2017-08-13 18:00:00','take away','47.72.96.197',NULL,'','2017-08-13 15:43:38','2017-08-13 22:40:18'),(470,20170813134216,54.00,54.00,4,'delivery','Jenna','jennamabey@windowslive.com','0212662056','Pc4T7l7BkvXa0ABcjS8FCWy9bhj41VmS',2,1,2,'2017-08-13 18:18:46','2017-08-13 18:17:25','take away','121.75.196.208',NULL,'','2017-08-13 22:17:25','2017-08-13 22:40:18'),(471,20170815920471,33.00,33.00,4,'pickup','Robyn','robyndainty@live.com','0274204063','',1,1,1,'2017-08-15 15:36:23','2017-08-15 16:30:00','take away','163.47.106.107',NULL,'','2017-08-15 19:36:23','2017-08-15 23:09:04'),(472,20170815806414,26.30,26.30,4,'pickup','Sarah','sarahandray@vodafone.co.nz','021739305','',1,1,1,'2017-08-15 17:27:02','2017-08-15 17:45:00','take away','203.92.25.1',NULL,'','2017-08-15 21:27:02','2017-08-15 23:09:04'),(474,20170815196187,27.00,27.00,4,'pickup','Lisa Stevenson','Lisa.richard70@gmail.com','021390511','',1,1,1,'2017-08-15 17:39:27','2017-08-15 17:39:27','take away','202.124.117.244',NULL,'','2017-08-15 21:39:27','2017-08-15 23:09:04'),(475,20170818858765,54.00,54.00,4,'pickup','James','ja.barnes@hotmail.com','068769986','',1,1,1,'2017-08-18 17:44:07','2017-08-18 18:00:00','take away','222.152.201.251',NULL,'','2017-08-18 21:44:07','2017-08-21 23:34:35'),(476,20170818592683,45.80,48.80,4,'delivery','Liz Gibson ','lizisakiwi@gmail.com','068447355','IoqDmWDHaE26jwZJiIV3ALrpdpz35qus',2,1,2,'2017-08-18 18:30:22','2017-08-18 18:27:50','take away','163.47.236.55',NULL,'','2017-08-18 22:27:50','2017-08-21 23:34:35'),(477,20170818117953,26.30,41.30,4,'delivery','Storm','stormeaton@yahoo.co.nz','02102955833','',1,1,1,'2017-08-18 20:23:13','2017-08-18 21:00:00','take away','203.160.122.72',NULL,'','2017-08-19 00:23:13','2017-08-21 23:34:35'),(478,20170819217720,13.50,13.50,4,'pickup','Helen Semmens','Helensemmens88@gmail.com','0276363172','',1,1,1,'2017-08-19 17:55:34','2017-08-19 18:15:00','take away','202.56.54.170',NULL,'','2017-08-19 21:55:34','2017-08-21 23:34:35'),(479,20170824179063,40.10,40.10,4,'pickup','Michelle martin ','michellenelsonmartin@outlook.com','0275218244','',1,1,1,'2017-08-24 17:41:13','2017-08-24 17:41:13','take away','222.155.60.19',NULL,'','2017-08-24 21:41:13','2017-08-29 02:10:59'),(480,20170825163080,29.30,29.30,4,'pickup','Jo','jocolesnz@gmail.com','0274492109','',1,1,1,'2017-08-25 18:19:36','2017-08-25 18:19:36','take away','115.189.81.20',NULL,'','2017-08-25 22:19:36','2017-08-29 02:10:59'),(481,20170825741377,45.80,48.80,4,'delivery','Liz Gibson ','lizisakiwi@gmail.com','068447355','pZCkYKG7mTlOJWWndd23OHMnqx1S6XzL',2,1,2,'2017-08-25 18:21:51','2017-08-25 18:20:49','take away','163.47.236.55',NULL,'','2017-08-25 22:20:49','2017-08-29 02:10:59'),(482,20170825388249,13.50,13.50,4,'pickup','Lachlan Clair','lachyclair@hotmail.com','0225316344','',1,1,1,'2017-08-25 19:50:33','2017-08-25 19:50:33','take away','202.137.246.252',NULL,'','2017-08-25 23:50:33','2017-08-29 02:10:59'),(483,20170831983855,27.00,27.00,4,'pickup','Neelesh ','sundarnz@hotmail.co.nz','02102217569','',1,1,1,'2017-08-31 17:12:46','2017-08-31 17:45:00','take away','49.224.96.228',NULL,'','2017-08-31 21:12:46','2017-09-01 22:56:14'),(484,20170901290058,27.00,30.00,1,'delivery','Kalya','kalya1231@hotmail.con','068445801','ZbhJagzpYm3LLJspAdkLX2p7cwklhuPW',1,1,2,'2017-09-01 17:47:30','2017-09-01 18:15:00','take away','121.75.198.251',NULL,'','2017-09-01 21:47:30','2017-09-01 21:47:30'),(485,20170901889472,27.00,30.00,4,'delivery','Kalya','kalya1231@hotmail.con','068445801','',1,1,1,'2017-09-01 17:49:51','2017-09-01 18:15:00','take away','121.75.198.251',NULL,'','2017-09-01 21:49:51','2017-09-01 22:56:14'),(486,20170901783123,26.50,26.50,4,'pickup','Tim Scott','timote00@yahoo.co.nz','0220408893','',1,1,1,'2017-09-01 18:06:15','2017-09-01 18:06:15','take away','222.155.63.229',NULL,'','2017-09-01 22:06:15','2017-09-01 22:56:14'),(487,20170902815927,23.00,26.00,1,'delivery','Nathan','Nathan-187@live.com','0224311364','GifyWTuYvK0NzdrUQt38HfF6Q9N41Nv6',1,1,2,'2017-09-02 20:17:52','2017-09-02 20:17:52','take away','163.47.236.22',NULL,'','2017-09-03 00:17:52','2017-09-03 00:17:52'),(489,20170902506707,0.00,3.00,1,'delivery','Nathan','Nathan-187@live.com','0224311364','FjVYVYsCHza3I8SAF5xqQyaNRdO456me',1,1,2,'2017-09-02 20:26:21','2017-09-02 20:26:21','take away','163.47.236.22',NULL,'','2017-09-03 00:26:21','2017-09-03 00:26:21'),(490,20170902463566,23.00,26.00,4,'delivery','Nathan','Nathan-187@live.com','0224311364','7figzXPYLUroFD7Tk6trqOZEYYozmSvo',2,1,2,'2017-09-02 20:30:04','2017-09-02 20:29:32','take away','163.47.236.22',NULL,'','2017-09-03 00:29:32','2017-09-04 00:46:40'),(491,20170903242458,53.30,53.30,4,'pickup','Mike','clairestewart55@hotmail.com','0212831537','',1,1,1,'2017-09-03 17:02:22','2017-09-03 17:15:00','take away','47.72.93.107',NULL,'','2017-09-03 21:02:22','2017-09-04 00:46:40'),(492,20170903944124,27.00,27.00,4,'pickup','Mike','michael.tarlei@hotmail.com','021454069','',1,1,1,'2017-09-03 17:41:46','2017-09-03 17:41:46','take away','121.75.191.60',NULL,'','2017-09-03 21:41:46','2017-09-04 00:46:40'),(493,20170903498615,43.50,43.50,4,'pickup','Foster','vufoster@clear.net.nz','068448897','',1,1,1,'2017-09-03 18:08:01','2017-09-03 18:08:01','take away','203.109.218.255',NULL,'','2017-09-03 22:08:01','2017-09-04 00:46:39'),(494,20170906378210,14.50,14.50,4,'pickup','Caitlyn Andersen','15andcai15@gmail.com','0226456228','',1,1,1,'2017-09-06 14:39:39','2017-09-06 15:15:00','take away','210.55.77.151',NULL,'','2017-09-06 18:39:39','2017-09-09 20:21:58'),(495,20170906853709,14.50,14.50,4,'pickup','Caitlyn Andersen','15andcai15@gmail.com','0226456228','',1,1,1,'2017-09-06 14:55:02','2017-09-06 15:15:00','take away','118.149.158.4',NULL,'I ordered sweet chicken chilli and it wasn\'t the correct order however this sweet and sour pork is ','2017-09-06 18:55:02','2017-09-09 20:21:58'),(496,20170906673009,54.90,54.90,4,'delivery','Kay Mulder','evemulder@gmail.com','0273760041','8HnvriRUSKJRtWrwwCuLDd1ZR5rNlC2i',2,1,2,'2017-09-06 17:04:43','2017-09-06 17:00:00','take away','121.75.168.222',NULL,'','2017-09-06 21:03:45','2017-09-09 20:21:58'),(497,20170906745338,27.00,27.00,4,'pickup','Sophie','Sophi101@windowslive.com','0273163845','',1,1,1,'2017-09-06 19:25:42','2017-09-06 19:25:42','take away','115.189.131.7',NULL,'','2017-09-06 23:25:42','2017-09-09 20:21:58'),(498,20170907129693,58.90,58.90,4,'pickup','Jim robinson','sjrobinson@nowmail.co.nz','068450660','',1,1,1,'2017-09-07 17:56:19','2017-09-07 17:56:19','take away','202.137.247.80',NULL,'','2017-09-07 21:56:19','2017-09-09 20:21:58'),(499,20170908480308,53.30,53.30,4,'pickup','James','vmb@xtra.co.nz','067669986','',1,1,1,'2017-09-08 13:26:28','2017-09-08 17:45:00','take away','222.152.149.49',NULL,'','2017-09-08 17:26:28','2017-09-09 20:21:58'),(500,20170908615311,59.30,59.30,4,'delivery','Liz Gibson ','lizisakiwi@gmail.com','068447355','BwHoznEqb1H34koYAebx8ntWoghloXZo',2,1,2,'2017-09-08 18:47:19','2017-09-08 18:46:02','take away','49.224.107.63',NULL,'','2017-09-08 22:46:02','2017-09-09 20:21:58'),(501,20170908963178,31.80,34.80,4,'delivery','Nathan Ramsay','ajramsay@live.com','0224311364','B6YAnkXebdCm40FbMqDmAeHPxbecmq1l',2,1,2,'2017-09-08 18:54:26','2017-09-08 18:53:20','take away','163.47.236.22',NULL,'','2017-09-08 22:53:20','2017-09-09 20:21:58'),(502,20170909902458,12.80,15.80,4,'delivery','peter','pdrr34@gmail.com','068446139','',1,1,1,'2017-09-09 16:35:07','2017-09-09 17:30:00','take away','163.47.238.148',NULL,'will need change for a $20 dollar note. also if you come up drive by awtahi rest home rowan house is on the left.','2017-09-09 20:35:07','2017-09-09 21:16:05'),(503,20170909225510,13.50,16.50,4,'delivery','kylee','hodgettskj@hotmail.com','068446139','',1,1,1,'2017-09-09 18:41:15','2017-09-09 19:00:00','take away','163.47.238.148',NULL,'can i please have change for a $20 note. this is the same place as earlier today at rowan house up drive way of atawhai rest home first left up the drive ','2017-09-09 22:41:15','2017-09-16 00:33:30'),(504,20170910886984,13.80,16.80,1,'delivery','Zara','zarapuna@gmail.com','0273659561','2HCqMQeSLTKyzwnAD5l5yrq9SXVw5quc',1,1,2,'2017-09-10 11:42:48','2017-09-10 11:42:48','take away','115.189.87.11',NULL,'','2017-09-10 15:42:48','2017-09-10 15:42:48'),(505,20170910893561,13.80,16.80,4,'delivery','Zara','zarapuna@gmail.com','0273659561','',1,1,1,'2017-09-10 11:46:10','2017-09-10 11:46:10','take away','115.189.80.223',NULL,'','2017-09-10 15:46:10','2017-09-16 00:33:30'),(506,20170912810148,40.10,40.10,4,'pickup','Sam Lyons','Samuel_p_lyons@hotmail.com','0226460235','',1,1,1,'2017-09-12 18:31:30','2017-09-12 19:00:00','take away','118.149.64.183',NULL,'','2017-09-12 22:31:30','2017-09-16 00:33:29'),(507,20170913843282,16.50,16.50,4,'pickup','Jurnee','jurneekihi17@gmail.com','0226494203','',1,1,1,'2017-09-13 18:30:16','2017-09-13 18:30:16','take away','101.98.21.74',NULL,'','2017-09-13 22:30:16','2017-09-16 00:33:29'),(508,20170915174976,13.50,13.50,4,'pickup','Gwynn','clarkie@nowmail.co.nz','068440101','',1,1,1,'2017-09-15 18:18:20','2017-09-15 18:45:00','take away','115.189.86.149',NULL,'','2017-09-15 22:18:20','2017-09-16 00:33:29'),(509,20170915316734,45.80,48.80,4,'delivery','Liz Gibson ','lizisakiwi@gmail.com','068447355','nuGq1D6yn3dQI1yUTk4XQPg2SPCwxXHd',2,1,2,'2017-09-15 18:34:28','2017-09-15 18:33:02','take away','163.47.236.55',NULL,'','2017-09-15 22:33:02','2017-09-16 00:33:29'),(510,20170917729148,40.50,43.50,4,'delivery','Paul Anderson','freeenergy1964@gmail.com','0273001140','g0zYuFQS7ky5I4lFrvDT4wZLNgyjvbYe',2,1,2,'2017-09-17 16:57:32','2017-09-17 18:00:00','take away','47.72.95.56',NULL,'','2017-09-17 20:54:52','2017-09-19 00:09:05'),(511,20170917324800,29.60,32.60,4,'delivery','Jenna','jennamabey@windowslive.com','0212662056','XoVC7DyQiFvvXooQKReRo5d8rXFEErhv',2,1,2,'2017-09-17 17:34:57','2017-09-17 17:45:00','take away','121.75.196.208',NULL,'','2017-09-17 21:33:38','2017-09-19 00:09:05'),(512,20170919567922,13.50,13.50,4,'pickup','Neelesh ','sundarnz@hotmail.co.nz','02102217569','',1,1,1,'2017-09-19 17:03:39','2017-09-19 17:45:00','take away','203.152.110.48',NULL,'','2017-09-19 21:03:39','2017-09-22 14:24:46'),(513,20170921696146,32.50,32.50,4,'pickup','Rochelle','chelz2209@gmail.com','0274409199','',1,1,1,'2017-09-21 20:03:37','2017-09-21 20:03:37','take away','115.189.132.42',NULL,'','2017-09-22 00:03:37','2017-09-22 14:24:46'),(514,20170921476996,25.60,25.60,4,'pickup','Lachlan Clair','lachyclair@hotmail.com','0225316344','',1,1,1,'2017-09-21 20:46:07','2017-09-21 20:46:07','take away','202.137.246.252',NULL,'','2017-09-22 00:46:07','2017-09-22 14:24:48'),(515,20170922686154,45.80,43.80,4,'delivery','Liz Gibson ','lizisakiwi@gmail.com','068447355','JmtLtJO3LO7OWrvfNB9O0zNcwTx2Pt8i',2,1,2,'2017-09-22 18:47:08','2017-09-22 18:46:28','take away','163.47.236.55',NULL,'','2017-09-22 22:46:28','2017-09-24 02:56:33'),(516,20170923246002,70.60,65.60,4,'delivery','Jenna','jennamabey@windowslive.com','0212662056','DcTd4pY1gckkcH0T8kwuipKrjsyrO3bD',2,1,2,'2017-09-23 20:26:05','2017-09-23 20:45:00','take away','121.75.196.208',NULL,'','2017-09-24 00:25:19','2017-09-24 02:56:33'),(518,20170926593782,18.00,21.00,4,'delivery','kylee hodgetts','hodgettskj@hotmail.com','0221743931','',1,1,1,'2017-09-26 18:54:47','2017-09-26 18:54:47','take away','118.149.145.42',NULL,'Up drive way at atawhi first on left go in to main building ','2017-09-26 22:54:47','2017-10-02 22:37:46'),(519,20170927159352,27.30,42.30,4,'delivery','Storm','stormeaton@yahoo.co.nz','02102955833','',1,1,1,'2017-09-27 19:51:12','2017-09-27 20:45:00','take away','203.160.122.72',NULL,'','2017-09-27 23:51:12','2017-10-02 22:37:46'),(520,20170928583967,43.50,46.50,4,'delivery','Liz Gibson','lizisakiwi@gmail.com','068447355','QlcgVLKEJkyHys3hOiBu9mVQs6VAFLUh',2,1,2,'2017-09-28 18:31:37','2017-09-28 18:30:19','take away','163.47.236.55',NULL,'','2017-09-28 22:30:19','2017-10-02 22:37:46'),(521,20170929433729,27.00,27.00,4,'pickup','Nikki Cooper','nikkicooper@xtra.co.nz','0212938685','',1,1,1,'2017-09-29 17:40:03','2017-09-29 18:00:00','take away','222.155.200.160',NULL,'','2017-09-29 21:40:03','2017-10-02 22:37:46'),(522,20170929152640,27.00,27.00,4,'pickup','Sam','jasmineburt@outlook.com','0220657558','',1,1,1,'2017-09-29 19:15:57','2017-09-29 19:30:00','take away','118.149.67.172',NULL,'','2017-09-29 23:15:57','2017-10-02 22:37:46'),(523,20170929300294,32.50,32.50,4,'pickup','Rochelle ','chelz2209@gmail.com','0274409199','',1,1,1,'2017-09-29 19:51:21','2017-09-29 19:51:21','take away','163.47.236.10',NULL,'','2017-09-29 23:51:21','2017-10-02 22:37:45'),(524,20170930166468,26.30,26.30,4,'pickup','Michelle ONeill','mely_lambeth@hotmail.com','0226902939','',1,1,1,'2017-09-30 20:27:24','2017-09-30 20:27:24','take away','121.75.169.204',NULL,'','2017-10-01 00:27:24','2017-10-02 22:37:45'),(525,20171001174839,28.30,28.30,4,'pickup','Russell','mummys_leyland83@hotmail.com','068432634','',1,1,1,'2017-10-01 17:14:41','2017-10-01 17:30:00','take away','47.72.98.86',NULL,'','2017-10-01 21:14:41','2017-10-02 22:37:45'),(526,20171003887598,29.30,29.30,4,'pickup','Amber','ajramsay@live.com','0224363573','',1,1,1,'2017-10-03 17:07:16','2017-10-03 17:15:00','take away','163.47.236.150',NULL,'','2017-10-03 21:07:16','2017-12-12 01:13:49'),(527,20171004973036,13.50,13.50,4,'pickup','Arlene','arlene.grant@live.com.au','0223537544','',1,1,1,'2017-10-04 17:39:48','2017-10-04 17:39:48','take away','118.149.159.46',NULL,'','2017-10-04 21:39:48','2017-12-12 01:13:49'),(528,20171006845569,43.50,43.50,4,'pickup','Liz Gibson','lizisakiwi@gmail.com','068447355','',1,1,1,'2017-10-06 18:46:53','2017-10-06 18:46:53','take away','163.47.236.55',NULL,'','2017-10-06 22:46:53','2017-12-12 01:14:00'),(529,20171006402217,42.40,42.40,4,'pickup','Roberta White','raawha@gmail.com','0223202546','',1,1,1,'2017-10-06 19:51:36','2017-10-06 19:51:36','take away','115.188.20.222',NULL,'','2017-10-06 23:51:36','2017-12-12 01:14:00'),(530,20171013170149,54.00,54.00,4,'pickup','James','ja.barnes@hotmail.com','0212122907','',1,1,1,'2017-10-13 14:38:27','2017-10-13 17:45:00','take away','219.89.139.95',NULL,'','2017-10-13 18:38:27','2017-12-12 01:14:00'),(531,20171013602920,27.30,27.30,4,'pickup','Jo','jocolesnz@gmail.com','0274492109','',1,1,1,'2017-10-13 18:18:57','2017-10-13 18:18:57','take away','115.189.83.114',NULL,'Thank you ','2017-10-13 22:18:57','2017-12-12 01:14:00'),(532,20171013894504,40.50,40.50,4,'pickup','Rory','mely_lambeth@hotmail.com','0226902939','',1,1,1,'2017-10-13 19:54:07','2017-10-13 19:54:07','take away','205.156.88.233',NULL,'','2017-10-13 23:54:07','2017-12-12 01:14:00'),(533,20171015689477,56.60,56.60,4,'pickup','clinton clarke','clintonrclarke@gmail.com','068422203','',1,1,1,'2017-10-15 18:42:01','2017-10-15 19:15:00','take away','101.98.157.156',NULL,'','2017-10-15 22:42:01','2017-12-12 01:14:00'),(534,20171017399480,34.50,34.50,4,'pickup','Scott','scottbrocklehurst13@gmail.com','0275653800','',1,1,1,'2017-10-17 18:22:26','2017-10-17 18:22:26','take away','118.149.65.40',NULL,'','2017-10-17 22:22:26','2017-12-12 01:13:59'),(535,20171018284525,26.30,26.30,4,'pickup','Wendy','wendynaidu12@gmail.com','021173351','',1,1,1,'2017-10-18 17:23:01','2017-10-18 17:23:01','take away','49.224.107.59',NULL,'','2017-10-18 21:23:01','2017-12-12 01:13:59'),(536,20171018554014,26.30,26.30,4,'pickup','Lachlan Clair','lachyclair@hotmail.com','0225316344','',1,1,1,'2017-10-18 19:25:02','2017-10-18 19:25:02','take away','202.137.246.252',NULL,'','2017-10-18 23:25:02','2017-12-12 01:13:59'),(537,20171019102256,19.00,19.00,4,'pickup','Rochelle','chelz2209@gmail.com','0274409199','',1,1,1,'2017-10-19 18:35:16','2017-10-19 18:35:16','take away','115.189.128.167',NULL,'','2017-10-19 22:35:16','2017-12-12 01:13:59'),(538,20171019757617,47.30,47.30,4,'pickup','Uruata','baruruvahine@hotmail.fr','0221030665','',1,1,1,'2017-10-19 19:08:37','2017-10-19 19:45:00','take away','222.152.148.144',NULL,'','2017-10-19 23:08:37','2017-12-12 01:14:09'),(539,20171022172954,45.80,45.80,4,'pickup','Liz Gibson','lizisakiwi@gmail.com','068447355','',1,1,1,'2017-10-22 18:25:50','2017-10-22 18:25:50','take away','163.47.236.55',NULL,'','2017-10-22 22:25:50','2017-12-12 01:14:09'),(540,20171024779175,13.80,13.80,4,'pickup','Campbell ','gangacam@gmail.com','0223072267','',1,1,1,'2017-10-24 18:21:29','2017-10-24 18:21:29','take away','222.155.63.76',NULL,'','2017-10-24 22:21:29','2017-12-12 01:14:09'),(541,20171027410957,27.00,27.00,4,'pickup','Rachel','r.slater123@hotmail.com','0278439096','',1,1,1,'2017-10-27 17:50:27','2017-10-27 17:50:27','take away','115.188.20.169',NULL,'','2017-10-27 21:50:27','2017-12-12 01:14:09'),(542,20171028621943,27.00,27.00,4,'pickup','Michael','michael.tarlei@hotmail.com','068440403','',1,1,1,'2017-10-28 18:38:41','2017-10-28 18:38:41','take away','121.75.168.210',NULL,'','2017-10-28 22:38:41','2017-12-12 01:14:09'),(543,20171028172778,52.60,52.60,4,'pickup','Griffin','tania@satherleylogging.co.nz','0272068864','',1,1,1,'2017-10-28 18:52:22','2017-10-28 19:30:00','take away','125.238.34.39',NULL,'','2017-10-28 22:52:22','2017-12-12 01:14:09'),(544,20171029926411,13.50,13.50,4,'pickup','Brenna','bmae2468@gmail.com','0278670957','KQWFhEsu80P3A0gplB5GGkn2QKtzwXCQ',2,1,2,'2017-10-29 14:53:46','2017-10-29 15:15:00','take away','125.239.229.192',NULL,'Please put Nasi goring sauce in the rice ','2017-10-29 18:53:08','2017-12-12 01:14:09'),(545,20171029160515,40.50,40.50,4,'pickup','Claire','clairestewart55@hotmail.com','0279239461','',1,1,1,'2017-10-29 16:54:01','2017-10-29 16:54:01','take away','121.75.194.98',NULL,'','2017-10-29 20:54:01','2017-12-12 01:14:09'),(546,20171031762364,43.10,43.10,4,'pickup','Nigel','born2ebay@gmail.com','068454465','',1,1,1,'2017-10-31 17:58:00','2017-10-31 17:58:00','take away','163.47.106.5',NULL,'','2017-10-31 21:58:00','2017-12-12 01:14:09'),(547,20171031468725,30.00,30.00,4,'pickup','Liz Gibson','lizisakiwi@gmail.com','068447355','Ozewoi6CRPrAaLV33LXkPwnv3V3NZjPd',2,1,2,'2017-10-31 18:19:44','2017-10-31 18:18:39','take away','163.47.236.55',NULL,'','2017-10-31 22:18:39','2017-12-12 01:14:09'),(548,20171103900729,27.00,27.00,4,'pickup','Lachlan Clair','lachyclair@hotmail.com','0225316344','',1,1,1,'2017-11-03 17:46:38','2017-11-03 18:15:00','take away','202.137.246.252',NULL,'','2017-11-03 21:46:38','2017-12-12 01:14:19'),(549,20171104854893,54.00,54.00,4,'pickup','Viv Barnes','vmb@xtra.co.nz','0272011434','',1,1,1,'2017-11-04 14:13:20','2017-11-04 17:00:00','take away','219.89.139.95',NULL,'','2017-11-04 18:13:20','2017-12-12 01:14:18'),(550,20171107648156,13.50,13.50,4,'pickup','Todd','caroline.watt120@gmail.com','0211662074','',1,1,1,'2017-11-07 18:12:21','2017-11-07 18:30:00','take away','101.98.244.12',NULL,'','2017-11-07 23:12:21','2017-12-12 01:14:18'),(551,20171108982014,61.80,61.80,4,'pickup','clinton clarke','clintonrclarke@gmail.com','068422203','',1,1,1,'2017-11-08 20:11:39','2017-11-08 20:11:39','take away','101.98.157.156',NULL,'','2017-11-09 01:11:39','2017-12-12 01:14:18'),(552,20171109685422,54.20,54.20,4,'pickup','Cj','rororingia@outlook.com','0273731643','',1,1,1,'2017-11-09 19:02:52','2017-11-09 19:15:00','take away','115.188.20.2',NULL,'','2017-11-10 00:02:52','2017-12-12 01:14:18'),(553,20171110793834,17.50,17.50,4,'pickup','Nick','grifpoo@gmail.com','0274981661','',1,1,1,'2017-11-10 17:38:42','2017-11-10 18:45:00','take away','222.155.61.224',NULL,'','2017-11-10 22:38:42','2017-12-12 01:14:18'),(554,20171114438638,27.00,27.00,4,'pickup','Raj','meditativerose@hotmail.co.nz','021834264','',1,1,1,'2017-11-14 18:37:43','2017-11-14 18:37:43','take away','163.47.238.49',NULL,'','2017-11-14 23:37:43','2017-12-12 01:14:18'),(555,20171114441077,59.30,59.30,4,'pickup','Liz Gibson','lizisakiwi@gmail.com','068447355','VddzBrbfKO0wPFKYrNInhueID0ejJjZB',2,1,2,'2017-11-14 18:57:32','2017-11-14 18:55:15','take away','163.47.236.55',NULL,'','2017-11-14 23:55:15','2017-12-12 01:14:18'),(556,20171115231983,13.50,13.50,4,'pickup','Scott','s.l.blunsdon@gmail.com','0278125704','',1,1,1,'2017-11-15 19:31:02','2017-11-15 19:31:02','take away','47.72.92.210',NULL,'','2017-11-16 00:31:02','2017-12-12 01:14:18'),(557,20171116728728,27.00,27.00,4,'pickup','Krid','kristianhaakman@gmail.com','0272540527','',1,1,1,'2017-11-16 19:59:00','2017-11-16 19:59:00','take away','163.47.236.63',NULL,'','2017-11-17 00:59:00','2017-12-12 01:14:18'),(558,20171118793304,13.50,13.50,4,'pickup','Brenna ','bmae2468@gmail.com','0278670957','',1,1,1,'2017-11-18 14:46:37','2017-11-18 14:46:37','take away','202.56.37.52',NULL,'','2017-11-18 19:46:37','2017-12-12 01:14:28'),(559,20171121152442,16.50,16.50,4,'pickup','Brandon Kihi','Brandonkihi98@gmail.com','0223613534','',1,1,1,'2017-11-21 20:23:37','2017-11-21 20:45:00','take away','101.98.21.74',NULL,'','2017-11-22 01:23:37','2017-12-12 01:14:28'),(560,20171125559499,45.80,45.80,4,'pickup','Liz Gibson','lizisakiwi@gmail.com','068447355','VwZFvmKnX2ucVJLIdMuILkWyjEO95K2Z',2,1,2,'2017-11-25 18:27:01','2017-11-25 18:26:08','take away','163.47.236.55',NULL,'','2017-11-25 23:26:08','2017-12-12 01:14:28'),(561,20171128827206,13.80,13.80,4,'pickup','Campbell Harry Wilkinson','gangacam@gmail.com','0223072267','',1,1,1,'2017-11-28 17:01:38','2017-11-28 17:01:38','take away','118.149.210.131',NULL,'','2017-11-28 22:01:38','2017-12-12 01:14:28'),(562,20171130378671,56.20,56.20,4,'pickup','Ro','rororingia@outlook.com','0273731643','',1,1,1,'2017-11-30 17:53:07','2017-11-30 18:30:00','take away','115.188.20.2',NULL,'','2017-11-30 22:53:07','2017-12-12 01:14:28'),(563,20171201270657,95.40,95.40,4,'delivery','Jess Robinson','jess.robinson258@gmail.com','0279415074','',1,1,1,'2017-12-01 17:49:41','2017-12-01 18:00:00','take away','202.137.247.80',NULL,'','2017-12-01 22:49:41','2017-12-12 01:14:28'),(564,20171202925432,18.00,21.00,4,'delivery','Jenna','jennamabey@windowslive.com','0212662056','vJ5MHBLbqhftLfF22NgSSWyCXZuwp01l',2,1,2,'2017-12-02 19:08:20','2017-12-02 19:07:40','take away','121.75.173.143',NULL,'','2017-12-03 00:07:40','2017-12-12 01:14:28'),(565,20171202728829,18.30,21.30,4,'delivery','noah','katinaskepetaris@hotmail.com','068449361','',1,1,1,'2017-12-02 19:12:59','2017-12-02 19:12:59','take away','121.75.174.25',NULL,'beep horn','2017-12-03 00:12:59','2017-12-12 01:14:28'),(567,20171209252675,54.00,54.00,4,'pickup','Viv','vmb@xtra.co.nz','0272011434','',1,1,1,'2017-12-09 17:24:40','2017-12-09 18:30:00','take away','163.47.237.177',NULL,'','2017-12-09 22:24:40','2017-12-12 01:14:28'),(568,20171209275267,45.80,45.80,4,'pickup','Liz Gibson','lizisakiwi@gmail.com','068447355','FJ89vcAczuarpeXfRQvGehl7aJsVePDU',2,1,2,'2017-12-09 17:56:15','2017-12-09 17:55:32','take away','163.47.237.55',NULL,'','2017-12-09 22:55:32','2017-12-12 01:14:28'),(569,20171212593406,45.80,43.80,2,'delivery','Liz Gibson','lizisakiwi@gmail.com','068447355','1RtEGN5AzyWZhaGaz3UaZ3mOUm6EiOAG',2,1,2,'2017-12-12 18:26:02','2017-12-12 18:25:06','take away','163.47.237.55',NULL,'','2017-12-12 23:25:06','2017-12-12 23:26:06'),(570,20171213543117,27.00,30.00,1,'delivery','Chris White','chriswhite@nowmail.co.nz','0211128263','cq4b6Agsh7V5DJB8r61HZpgAbmSDeaAT',1,1,2,'2017-12-13 09:40:08','2017-12-13 11:30:00','take away','103.8.141.100',NULL,'Last house up the driveway','2017-12-13 14:40:08','2017-12-13 14:40:08'),(571,20171214262265,52.00,52.00,2,'delivery','Daryl','daryldobbysmith@icloud.com','0275331616','a8UwjDaAX0M5wvOltKzBQ7tss1t5qupy',2,1,2,'2017-12-14 11:20:29','2017-12-14 11:19:33','take away','115.189.82.59',NULL,'','2017-12-14 16:19:33','2017-12-14 16:20:30'),(572,20171214840699,13.50,16.50,1,'delivery','Tom McLean','tommywawa1@gmail.com','0223795093','DHcaqS6SkIzmevfia5qAZQZE1xxzUVfa',1,1,2,'2017-12-14 14:59:51','2017-12-14 15:15:00','take away','222.155.204.233',NULL,'','2017-12-14 19:59:51','2017-12-14 19:59:51'),(573,20171214675514,43.10,43.10,2,'pickup','Peter','p.sapper@xtra.co.nz','02102245352','',1,1,1,'2017-12-14 18:45:37','2017-12-14 19:00:00','take away','125.238.89.51',NULL,'','2017-12-14 23:45:37','2017-12-14 23:45:39'),(574,20171215310111,13.50,13.50,2,'pickup','Justine Restieaux','justinerestieaux01@gmail.com','0273143092','',1,1,1,'2017-12-15 17:29:29','2017-12-15 17:45:00','take away','115.189.131.111',NULL,'','2017-12-15 22:29:29','2017-12-15 22:29:29'),(575,20171215111301,71.40,71.40,2,'delivery','Jess Robinson','jess.robinson258@gmail.com','0279415074','',1,1,1,'2017-12-15 17:47:08','2017-12-15 18:00:00','take away','202.137.247.80',NULL,'','2017-12-15 22:47:08','2017-12-15 22:47:12'),(576,20171216423375,61.10,61.10,2,'pickup','clinton','clintonrclarke@gmail.com','068422203','',1,1,1,'2017-12-16 17:43:38','2017-12-16 17:43:38','take away','101.98.157.156',NULL,'','2017-12-16 22:43:38','2017-12-16 22:43:40'),(577,20171216319230,21.00,36.00,2,'delivery','Brandon Kihi','Brandonkihi98@gmail.com','0223613534','SGw0OAJgLXGcKHrVZ5dsRihYUGl1CMzy',2,1,2,'2017-12-16 18:45:20','2017-12-16 18:42:06','take away','47.72.92.160',NULL,'','2017-12-16 23:42:06','2017-12-16 23:45:21'),(578,20171217602902,26.30,26.30,2,'pickup','Ben Martin','michellenelsonmartin@outlook.com','0275210244','',1,1,1,'2017-12-17 19:01:02','2017-12-17 19:15:00','take away','125.238.95.87',NULL,'','2017-12-18 00:01:02','2017-12-18 00:01:07'),(579,20171217195348,18.00,18.00,2,'pickup','Bruce Smith','poolesmith@xtra.co.nz','0274054947','',1,1,1,'2017-12-17 19:48:28','2017-12-17 19:48:28','take away','125.238.36.208',NULL,'','2017-12-18 00:48:28','2017-12-18 00:48:29'),(580,20171220872845,45.80,48.80,2,'delivery','Liz Gibson','lizisakiwi@gmail.com','068447355','SYIdIphinzeFx5hP3EkHr977fhm6Am93',2,1,2,'2017-12-20 18:22:21','2017-12-20 18:20:56','take away','163.47.237.55',NULL,'','2017-12-20 23:20:56','2017-12-20 23:22:24'),(581,20171222159709,13.50,13.50,2,'pickup','Jo','jocolesnz@gmail.com','0274492109','',1,1,1,'2017-12-22 18:06:06','2017-12-22 18:06:06','take away','115.189.131.247',NULL,'Thank You','2017-12-22 23:06:06','2017-12-22 23:06:12'),(582,20171222301292,30.80,33.80,1,'delivery','noah','Katinaskepetaris@hotmail.com','0212505337','xOiH0nCqSMXfgBtpwBqUaVdNyI1Bers1',1,1,2,'2017-12-22 18:47:37','2017-12-22 18:47:37','take away','121.75.198.173',NULL,'Please beep ','2017-12-22 23:47:37','2017-12-22 23:47:37'),(583,20171222930276,30.80,33.80,2,'delivery','noah','Katinaskepetaris@hotmail.com','0212505337','',1,1,1,'2017-12-22 18:50:29','2017-12-22 18:50:29','take away','121.75.198.173',NULL,'Plz beep horn ','2017-12-22 23:50:29','2017-12-22 23:50:31'),(584,20171223115587,26.30,26.30,2,'pickup','Tony edmonds ','edmonds.tonyisaac5@outlook.com','0278563071','',1,1,1,'2017-12-23 14:26:23','2017-12-23 14:26:23','take away','115.188.17.211',NULL,'','2017-12-23 19:26:23','2017-12-23 19:26:26'),(585,20171223163390,13.80,13.80,2,'pickup','paul boylan','paulboylan54@gmail.com','0221507442','',1,1,1,'2017-12-23 16:29:02','2017-12-23 16:29:02','take away','163.47.237.163',NULL,'1 bag of prawn crackers please','2017-12-23 21:29:02','2017-12-23 21:29:02'),(586,20171223724956,30.30,28.30,1,'delivery','Samantha','sammy.mcdowall@yahoo.co.nz','0275461970','Z3qQRgVipoetK3iELLDbpQtX4CRoHkbu',1,1,2,'2017-12-23 19:10:47','2017-12-23 19:30:00','take away','163.47.237.6',NULL,'','2017-12-24 00:10:47','2017-12-24 00:10:47'),(587,20171223855069,30.30,28.30,1,'delivery','Samantha','sammy.mcdowall@yahoo.co.nz','0275461970','wAzc6xU4DgE19ScQzPmfhn0lSQjictKr',1,1,2,'2017-12-23 19:10:50','2017-12-23 19:30:00','take away','163.47.237.6',NULL,'','2017-12-24 00:10:50','2017-12-24 00:10:50'),(588,20171223992888,0.00,-2.00,1,'delivery','Samantha','sammy.mcdowall@yahoo.co.nz','0275461970','KD0GqiSqeoXQtv0a5szxT2dIM1L6vuHs',1,1,2,'2017-12-23 19:10:55','2017-12-23 19:30:00','take away','163.47.237.6',NULL,'','2017-12-24 00:10:55','2017-12-24 00:10:55'),(589,20171223386143,0.00,-2.00,1,'delivery','Samantha','sammy.mcdowall@yahoo.co.nz','0275461970','D0OMOr3H1CKEta7nva0mxawpTBUJ9Uuy',1,1,2,'2017-12-23 19:10:57','2017-12-23 19:30:00','take away','163.47.237.6',NULL,'','2017-12-24 00:10:57','2017-12-24 00:10:57'),(590,20171223262773,0.00,-2.00,1,'delivery','Samantha','sammy.mcdowall@yahoo.co.nz','0275461970','BwEiSkyaf6PNoLBn2HJGl17kW5ue4MHP',1,1,2,'2017-12-23 19:10:58','2017-12-23 19:30:00','take away','163.47.237.6',NULL,'','2017-12-24 00:10:58','2017-12-24 00:10:58'),(591,20171223826654,0.00,-2.00,1,'delivery','Samantha','sammy.mcdowall@yahoo.co.nz','0275461970','Pbe6fw9pX4lu3bwiEdefeZkXQGneENoh',1,1,2,'2017-12-23 19:10:59','2017-12-23 19:30:00','take away','163.47.237.6',NULL,'','2017-12-24 00:10:59','2017-12-24 00:10:59'),(592,20171223631515,0.00,-2.00,1,'delivery','Samantha','sammy.mcdowall@yahoo.co.nz','0275461970','WLsgS9ufUBmeB3SPr0brn5HR7DTkb5GV',1,1,2,'2017-12-23 19:11:00','2017-12-23 19:30:00','take away','163.47.237.6',NULL,'','2017-12-24 00:11:00','2017-12-24 00:11:00'),(593,20171223191880,0.00,-2.00,1,'delivery','Samantha','sammy.mcdowall@yahoo.co.nz','0275461970','vZQoAUttvQTOHyw9EOQi6DG28o8MlUx0',1,1,2,'2017-12-23 19:11:00','2017-12-23 19:30:00','take away','163.47.237.6',NULL,'','2017-12-24 00:11:00','2017-12-24 00:11:00'),(594,20171223874562,0.00,-2.00,1,'delivery','Samantha','sammy.mcdowall@yahoo.co.nz','0275461970','44vZELsbYR4OkIDPUfXViA02TMa8A5Ga',1,1,2,'2017-12-23 19:11:01','2017-12-23 19:30:00','take away','163.47.237.6',NULL,'','2017-12-24 00:11:01','2017-12-24 00:11:01'),(595,20171223960126,0.00,-2.00,1,'delivery','Samantha','sammy.mcdowall@yahoo.co.nz','0275461970','gh6iQ1aYWcCIexYoJ5z3MPq7ZzMQlOzH',1,1,2,'2017-12-23 19:11:01','2017-12-23 19:30:00','take away','163.47.237.6',NULL,'','2017-12-24 00:11:01','2017-12-24 00:11:01'),(596,20171223741903,0.00,-2.00,1,'delivery','Samantha','sammy.mcdowall@yahoo.co.nz','0275461970','TK5YJX3DO66Tbr3CVbQEIiiLOdbkwJta',1,1,2,'2017-12-23 19:11:26','2017-12-23 19:30:00','take away','163.47.237.6',NULL,'','2017-12-24 00:11:26','2017-12-24 00:11:26'),(597,20171223695323,0.00,-2.00,1,'delivery','Samantha','sammy.mcdowall@yahoo.co.nz','0275461970','oSAdvHuhC46SvAeIEiZZ46ccaErnJXad',1,1,2,'2017-12-23 19:11:28','2017-12-23 19:30:00','take away','163.47.237.6',NULL,'','2017-12-24 00:11:28','2017-12-24 00:11:28'),(598,20171223722464,0.00,-2.00,1,'delivery','Samantha','sammy.mcdowall@yahoo.co.nz','0275461970','JsHS5TK0zJFAIBED78o7nBb2kggdnicv',1,1,2,'2017-12-23 19:11:53','2017-12-23 19:30:00','take away','163.47.237.6',NULL,'','2017-12-24 00:11:53','2017-12-24 00:11:53'),(599,20171223148910,0.00,-2.00,1,'delivery','Samantha','sammy.mcdowall@yahoo.co.nz','0275461970','wGTVy4eqaaOsoCytMwikzZnxVyLd43eG',1,1,2,'2017-12-23 19:12:00','2017-12-23 19:30:00','take away','163.47.237.6',NULL,'','2017-12-24 00:12:00','2017-12-24 00:12:00'),(600,20171223915025,0.00,-2.00,1,'delivery','Samantha','sammy.mcdowall@yahoo.co.nz','0275461970','zrkkLPtLfvMYcGz3GRevYBadmvWVTTcs',1,1,2,'2017-12-23 19:12:39','2017-12-23 19:30:00','take away','163.47.237.6',NULL,'Thanks :)','2017-12-24 00:12:39','2017-12-24 00:12:39'),(601,20171223638732,0.00,-2.00,1,'delivery','Samantha','sammy.mcdowall@yahoo.co.nz','0275461970','HsogeqcRZJ785hQlVswBM4nsSc8rVnsa',1,1,2,'2017-12-23 19:13:35','2017-12-23 19:30:00','take away','163.47.237.6',NULL,'Thanks :)','2017-12-24 00:13:35','2017-12-24 00:13:35'),(602,20171223268787,0.00,-2.00,1,'delivery','Samantha','sammy.mcdowall@yahoo.co.nz','0275461970','t1iLw0WKVzi7dagi93If0vWhS5Hzojto',1,1,2,'2017-12-23 19:13:40','2017-12-23 19:30:00','take away','163.47.237.6',NULL,'Thanks :)','2017-12-24 00:13:40','2017-12-24 00:13:40'),(603,20171223871085,0.00,-2.00,1,'delivery','Samantha','sammy.mcdowall@yahoo.co.nz','0275461970','RJAdamzf80S2C8n098xaufbTzCApEqPf',1,1,2,'2017-12-23 19:13:43','2017-12-23 19:30:00','take away','163.47.237.6',NULL,'Thanks :)','2017-12-24 00:13:43','2017-12-24 00:13:43'),(604,20171223806073,0.00,-2.00,1,'delivery','Samantha','sammy.mcdowall@yahoo.co.nz','0275461970','Kym3h3Gfq4CpSEwDvVxCUN9AQn4O4QUF',1,1,2,'2017-12-23 19:13:50','2017-12-23 19:30:00','take away','163.47.237.6',NULL,'Thanks :)','2017-12-24 00:13:50','2017-12-24 00:13:50'),(605,20171223958616,0.00,-2.00,1,'delivery','Samantha','sammy.mcdowall@yahoo.co.nz','0275461970','J1pE3NWLwgoEgxlRXGUKYoj6ri6pvNjI',1,1,2,'2017-12-23 19:15:25','2017-12-23 19:30:00','take away','163.47.237.6',NULL,'Thanks :)','2017-12-24 00:15:25','2017-12-24 00:15:25'),(606,20171223533197,30.30,28.30,2,'delivery','Samantha','sammy.mcdowall@yahoo.co.nz','0275461970','U53zgSG1c98sZUfQCnSjpLJRaz8QJBoE',2,1,2,'2017-12-23 19:21:20','2017-12-23 19:20:27','take away','163.47.237.6',NULL,'Thanks','2017-12-24 00:20:27','2017-12-24 00:21:22'),(607,20171223397844,12.80,15.80,2,'delivery','Ben','bensparkes98@hotmail.com','0274989129','',1,1,1,'2017-12-23 19:42:47','2017-12-23 19:42:47','take away','101.98.27.196',NULL,'','2017-12-24 00:42:47','2017-12-24 00:42:48'),(608,20171223536821,13.50,16.50,2,'delivery','Ben','bensparkes98@hotmail.com','0274989129','',1,1,1,'2017-12-23 19:44:04','2017-12-23 19:44:04','take away','101.98.27.196',NULL,'','2017-12-24 00:44:04','2017-12-24 00:44:05'),(609,20171223945101,13.50,16.50,2,'delivery','Ben','bensparkes98@hotmail.com','0274989129','',1,1,1,'2017-12-23 19:45:56','2017-12-23 19:45:56','take away','101.98.27.196',NULL,'','2017-12-24 00:45:56','2017-12-24 00:46:00'),(610,20171224704289,39.80,39.80,2,'pickup','Kristy','kristywilkinsonsmith@gmail.com','0223912823','',1,1,1,'2017-12-24 13:38:05','2017-12-24 17:00:00','take away','101.98.127.23',NULL,'Please put in cardboard cartons not plastic.','2017-12-24 18:38:05','2017-12-24 18:38:07');
/*!40000 ALTER TABLE `orders` ENABLE KEYS */;
UNLOCK TABLES;

--
-- Table structure for table `orders_users`
--

DROP TABLE IF EXISTS `orders_users`;
/*!40101 SET @saved_cs_client     = @@character_set_client */;
/*!40101 SET character_set_client = utf8 */;
CREATE TABLE `orders_users` (
  `orders_id` int(10) unsigned NOT NULL,
  `users_id` int(10) unsigned NOT NULL,
  PRIMARY KEY (`orders_id`,`users_id`),
  KEY `orders_users_users_id_foreign` (`users_id`),
  CONSTRAINT `orders_users_orders_id_foreign` FOREIGN KEY (`orders_id`) REFERENCES `orders` (`id`) ON DELETE CASCADE,
  CONSTRAINT `orders_users_users_id_foreign` FOREIGN KEY (`users_id`) REFERENCES `users` (`id`) ON DELETE CASCADE
) ENGINE=InnoDB DEFAULT CHARSET=utf8 COLLATE=utf8_unicode_ci;
/*!40101 SET character_set_client = @saved_cs_client */;

--
-- Dumping data for table `orders_users`
--

LOCK TABLES `orders_users` WRITE;
/*!40000 ALTER TABLE `orders_users` DISABLE KEYS */;
INSERT INTO `orders_users` VALUES (323,1),(324,1),(325,1),(326,1),(327,1),(328,1),(329,1),(419,1),(338,23),(339,23),(368,23),(352,29),(362,29),(395,29),(436,29),(363,30),(373,30),(389,30),(397,30),(367,31),(403,31),(404,31),(420,31),(586,31),(587,31),(588,31),(589,31),(590,31),(591,31),(592,31),(593,31),(594,31),(595,31),(596,31),(597,31),(598,31),(599,31),(600,31),(601,31),(602,31),(603,31),(604,31),(605,31),(606,31),(383,33),(392,35),(450,35),(396,37),(408,37),(423,37),(468,37),(476,37),(481,37),(500,37),(509,37),(515,37),(520,37),(431,39),(480,42),(483,43),(491,44),(498,45),(523,47),(532,49),(564,50),(579,51);
/*!40000 ALTER TABLE `orders_users` ENABLE KEYS */;
UNLOCK TABLES;

--
-- Table structure for table `password_resets`
--

DROP TABLE IF EXISTS `password_resets`;
/*!40101 SET @saved_cs_client     = @@character_set_client */;
/*!40101 SET character_set_client = utf8 */;
CREATE TABLE `password_resets` (
  `email` varchar(255) COLLATE utf8_unicode_ci NOT NULL,
  `token` varchar(255) COLLATE utf8_unicode_ci NOT NULL,
  `created_at` timestamp NOT NULL DEFAULT '0000-00-00 00:00:00',
  KEY `password_resets_email_index` (`email`),
  KEY `password_resets_token_index` (`token`)
) ENGINE=InnoDB DEFAULT CHARSET=utf8 COLLATE=utf8_unicode_ci;
/*!40101 SET character_set_client = @saved_cs_client */;

--
-- Dumping data for table `password_resets`
--

LOCK TABLES `password_resets` WRITE;
/*!40000 ALTER TABLE `password_resets` DISABLE KEYS */;
INSERT INTO `password_resets` VALUES ('yeweicao@gmail.com','a874eba558693c7f28c757d592b0733b720d6aedfbfe4facadeb6f9fa4311932','2016-12-16 00:54:10'),('sjrobinson@nowmail.co.nz','342afcacb4ca7b08e9ec5cc5f56c393461ef83e7fb15ee4adb053502195dc495','2017-09-29 21:33:59');
/*!40000 ALTER TABLE `password_resets` ENABLE KEYS */;
UNLOCK TABLES;

--
-- Table structure for table `permission_role`
--

DROP TABLE IF EXISTS `permission_role`;
/*!40101 SET @saved_cs_client     = @@character_set_client */;
/*!40101 SET character_set_client = utf8 */;
CREATE TABLE `permission_role` (
  `permission_id` int(10) unsigned NOT NULL,
  `role_id` int(10) unsigned NOT NULL,
  PRIMARY KEY (`permission_id`,`role_id`),
  KEY `permission_role_role_id_foreign` (`role_id`),
  CONSTRAINT `permission_role_permission_id_foreign` FOREIGN KEY (`permission_id`) REFERENCES `permissions` (`id`) ON DELETE CASCADE,
  CONSTRAINT `permission_role_role_id_foreign` FOREIGN KEY (`role_id`) REFERENCES `roles` (`id`) ON DELETE CASCADE
) ENGINE=InnoDB DEFAULT CHARSET=utf8 COLLATE=utf8_unicode_ci;
/*!40101 SET character_set_client = @saved_cs_client */;

--
-- Dumping data for table `permission_role`
--

LOCK TABLES `permission_role` WRITE;
/*!40000 ALTER TABLE `permission_role` DISABLE KEYS */;
INSERT INTO `permission_role` VALUES (1,1);
/*!40000 ALTER TABLE `permission_role` ENABLE KEYS */;
UNLOCK TABLES;

--
-- Table structure for table `permissions`
--

DROP TABLE IF EXISTS `permissions`;
/*!40101 SET @saved_cs_client     = @@character_set_client */;
/*!40101 SET character_set_client = utf8 */;
CREATE TABLE `permissions` (
  `id` int(10) unsigned NOT NULL AUTO_INCREMENT,
  `name` varchar(255) COLLATE utf8_unicode_ci NOT NULL,
  `label` varchar(255) COLLATE utf8_unicode_ci DEFAULT NULL,
  `created_at` timestamp NOT NULL DEFAULT '0000-00-00 00:00:00',
  `updated_at` timestamp NOT NULL DEFAULT '0000-00-00 00:00:00',
  PRIMARY KEY (`id`)
) ENGINE=InnoDB AUTO_INCREMENT=2 DEFAULT CHARSET=utf8 COLLATE=utf8_unicode_ci;
/*!40101 SET character_set_client = @saved_cs_client */;

--
-- Dumping data for table `permissions`
--

LOCK TABLES `permissions` WRITE;
/*!40000 ALTER TABLE `permissions` DISABLE KEYS */;
INSERT INTO `permissions` VALUES (1,'manage_backend','manage the system','2016-03-11 09:20:36','2016-03-11 09:20:36');
/*!40000 ALTER TABLE `permissions` ENABLE KEYS */;
UNLOCK TABLES;

--
-- Table structure for table `role_users`
--

DROP TABLE IF EXISTS `role_users`;
/*!40101 SET @saved_cs_client     = @@character_set_client */;
/*!40101 SET character_set_client = utf8 */;
CREATE TABLE `role_users` (
  `users_id` int(10) unsigned NOT NULL,
  `role_id` int(10) unsigned NOT NULL,
  PRIMARY KEY (`users_id`,`role_id`),
  KEY `role_user_role_id_foreign` (`role_id`),
  CONSTRAINT `role_user_role_id_foreign` FOREIGN KEY (`role_id`) REFERENCES `roles` (`id`) ON DELETE CASCADE,
  CONSTRAINT `role_user_user_id_foreign` FOREIGN KEY (`users_id`) REFERENCES `users` (`id`) ON DELETE CASCADE
) ENGINE=InnoDB DEFAULT CHARSET=utf8 COLLATE=utf8_unicode_ci;
/*!40101 SET character_set_client = @saved_cs_client */;

--
-- Dumping data for table `role_users`
--

LOCK TABLES `role_users` WRITE;
/*!40000 ALTER TABLE `role_users` DISABLE KEYS */;
INSERT INTO `role_users` VALUES (1,1);
/*!40000 ALTER TABLE `role_users` ENABLE KEYS */;
UNLOCK TABLES;

--
-- Table structure for table `roles`
--

DROP TABLE IF EXISTS `roles`;
/*!40101 SET @saved_cs_client     = @@character_set_client */;
/*!40101 SET character_set_client = utf8 */;
CREATE TABLE `roles` (
  `id` int(10) unsigned NOT NULL AUTO_INCREMENT,
  `name` varchar(255) COLLATE utf8_unicode_ci NOT NULL,
  `label` varchar(255) COLLATE utf8_unicode_ci DEFAULT NULL,
  `created_at` timestamp NOT NULL DEFAULT '0000-00-00 00:00:00',
  `updated_at` timestamp NOT NULL DEFAULT '0000-00-00 00:00:00',
  PRIMARY KEY (`id`)
) ENGINE=InnoDB AUTO_INCREMENT=2 DEFAULT CHARSET=utf8 COLLATE=utf8_unicode_ci;
/*!40101 SET character_set_client = @saved_cs_client */;

--
-- Dumping data for table `roles`
--

LOCK TABLES `roles` WRITE;
/*!40000 ALTER TABLE `roles` DISABLE KEYS */;
INSERT INTO `roles` VALUES (1,'manager','manager role for the system','2016-03-11 09:17:37','2016-03-11 09:17:37');
/*!40000 ALTER TABLE `roles` ENABLE KEYS */;
UNLOCK TABLES;

--
-- Table structure for table `shops`
--

DROP TABLE IF EXISTS `shops`;
/*!40101 SET @saved_cs_client     = @@character_set_client */;
/*!40101 SET character_set_client = utf8 */;
CREATE TABLE `shops` (
  `id` int(10) unsigned NOT NULL AUTO_INCREMENT,
  `title` varchar(255) COLLATE utf8_unicode_ci NOT NULL,
  `address` varchar(255) COLLATE utf8_unicode_ci NOT NULL,
  `phone` varchar(255) COLLATE utf8_unicode_ci NOT NULL,
  `distancefee` double(8,2) NOT NULL,
  `maxfree` double(8,2) NOT NULL,
  `freedelivery` double(8,2) NOT NULL,
  `googleapi` varchar(255) COLLATE utf8_unicode_ci NOT NULL,
  `meta` varchar(510) COLLATE utf8_unicode_ci NOT NULL,
  `cash` tinyint(1) NOT NULL,
  `credit` tinyint(1) NOT NULL,
  `poli` tinyint(1) NOT NULL,
  `poliapi` varchar(255) COLLATE utf8_unicode_ci DEFAULT NULL,
  `dayoff` varchar(255) COLLATE utf8_unicode_ci NOT NULL,
  `starttime` varchar(255) COLLATE utf8_unicode_ci NOT NULL,
  `closetime` varchar(255) COLLATE utf8_unicode_ci NOT NULL,
  `created_at` timestamp NULL DEFAULT NULL,
  `updated_at` timestamp NULL DEFAULT NULL,
  `coupon` tinyint(1) NOT NULL,
  `email_coupon` tinyint(1) NOT NULL,
  `coupon_value` double(8,2) NOT NULL,
  `coupon_condition` double(8,2) NOT NULL,
  `coupon_maxamount` int(11) NOT NULL,
  `coupon_maxvalue` int(11) NOT NULL,
  PRIMARY KEY (`id`)
) ENGINE=InnoDB AUTO_INCREMENT=2 DEFAULT CHARSET=utf8 COLLATE=utf8_unicode_ci;
/*!40101 SET character_set_client = @saved_cs_client */;

--
-- Dumping data for table `shops`
--

LOCK TABLES `shops` WRITE;
/*!40000 ALTER TABLE `shops` DISABLE KEYS */;
INSERT INTO `shops` VALUES (1,'Noodle Canteen @ Taradale','269 Gloucester St, Taradale','0220655909',3.00,9.00,50.00,'AIzaSyAByX4V9imxh_CChO6XGZ40RdqnFCuhM90','<meta name=\"description\" content=\"Noodle Canteen Taradale offering customers online orders! Just a few clicks, we will  get your dishes made and delivered in a timely manner.\"><meta name=\"keywords\" content=\"Noodle Canteen Taradale,  taradale, delivery taradale, pickup taradale, pick up taradale, place order taradale, delivery, pickup, noodle, canteen, food, catering \">',1,0,1,'sdfdfadsfdfdf','0,2,3,4,5,6','11','20','2016-12-18 17:14:43','2017-12-12 01:33:36',1,1,5.00,100.00,5,6);
/*!40000 ALTER TABLE `shops` ENABLE KEYS */;
UNLOCK TABLES;

--
-- Table structure for table `tag_dish`
--

DROP TABLE IF EXISTS `tag_dish`;
/*!40101 SET @saved_cs_client     = @@character_set_client */;
/*!40101 SET character_set_client = utf8 */;
CREATE TABLE `tag_dish` (
  `tag_id` int(10) unsigned NOT NULL,
  `dish_id` int(10) unsigned NOT NULL,
  `user_id` int(10) unsigned NOT NULL,
  `created_at` datetime NOT NULL,
  PRIMARY KEY (`user_id`,`dish_id`,`tag_id`),
  KEY `tag_dish_dish_id_foreign` (`dish_id`),
  KEY `tag_dish_tag_id_foreign` (`tag_id`),
  CONSTRAINT `tag_dish_dish_id_foreign` FOREIGN KEY (`dish_id`) REFERENCES `dishes` (`id`) ON DELETE CASCADE,
  CONSTRAINT `tag_dish_tag_id_foreign` FOREIGN KEY (`tag_id`) REFERENCES `tags` (`id`) ON DELETE CASCADE,
  CONSTRAINT `tag_dish_user_id_foreign` FOREIGN KEY (`user_id`) REFERENCES `users` (`id`) ON DELETE CASCADE
) ENGINE=InnoDB DEFAULT CHARSET=utf8 COLLATE=utf8_unicode_ci;
/*!40101 SET character_set_client = @saved_cs_client */;

--
-- Dumping data for table `tag_dish`
--

LOCK TABLES `tag_dish` WRITE;
/*!40000 ALTER TABLE `tag_dish` DISABLE KEYS */;
/*!40000 ALTER TABLE `tag_dish` ENABLE KEYS */;
UNLOCK TABLES;

--
-- Table structure for table `tags`
--

DROP TABLE IF EXISTS `tags`;
/*!40101 SET @saved_cs_client     = @@character_set_client */;
/*!40101 SET character_set_client = utf8 */;
CREATE TABLE `tags` (
  `id` int(10) unsigned NOT NULL AUTO_INCREMENT,
  `name` varchar(255) COLLATE utf8_unicode_ci NOT NULL,
  `description` text COLLATE utf8_unicode_ci NOT NULL,
  `created_at` timestamp NOT NULL DEFAULT '0000-00-00 00:00:00',
  `updated_at` timestamp NOT NULL DEFAULT '0000-00-00 00:00:00',
  PRIMARY KEY (`id`)
) ENGINE=InnoDB DEFAULT CHARSET=utf8 COLLATE=utf8_unicode_ci;
/*!40101 SET character_set_client = @saved_cs_client */;

--
-- Dumping data for table `tags`
--

LOCK TABLES `tags` WRITE;
/*!40000 ALTER TABLE `tags` DISABLE KEYS */;
/*!40000 ALTER TABLE `tags` ENABLE KEYS */;
UNLOCK TABLES;

--
-- Table structure for table `types`
--

DROP TABLE IF EXISTS `types`;
/*!40101 SET @saved_cs_client     = @@character_set_client */;
/*!40101 SET character_set_client = utf8 */;
CREATE TABLE `types` (
  `id` int(10) unsigned NOT NULL AUTO_INCREMENT,
  `users_id` int(10) unsigned NOT NULL,
  `name` varchar(255) COLLATE utf8_unicode_ci NOT NULL,
  `ranking` int(11) DEFAULT NULL,
  `description` text COLLATE utf8_unicode_ci NOT NULL,
  `created_at` timestamp NULL DEFAULT NULL,
  `updated_at` timestamp NULL DEFAULT NULL,
  PRIMARY KEY (`id`),
  KEY `types_user_id_foreign` (`users_id`),
  CONSTRAINT `types_user_id_foreign` FOREIGN KEY (`users_id`) REFERENCES `users` (`id`) ON DELETE CASCADE
) ENGINE=InnoDB AUTO_INCREMENT=4 DEFAULT CHARSET=utf8 COLLATE=utf8_unicode_ci;
/*!40101 SET character_set_client = @saved_cs_client */;

--
-- Dumping data for table `types`
--

LOCK TABLES `types` WRITE;
/*!40000 ALTER TABLE `types` DISABLE KEYS */;
INSERT INTO `types` VALUES (2,1,'Dish',5,'all  dishes','2016-03-11 10:30:23','2016-11-27 00:22:43'),(3,1,'others',2,'snack and drinks','2017-01-05 08:28:57','2017-01-06 09:57:44');
/*!40000 ALTER TABLE `types` ENABLE KEYS */;
UNLOCK TABLES;

--
-- Table structure for table `userAddress`
--

DROP TABLE IF EXISTS `userAddress`;
/*!40101 SET @saved_cs_client     = @@character_set_client */;
/*!40101 SET character_set_client = utf8 */;
CREATE TABLE `userAddress` (
  `id` int(10) unsigned NOT NULL AUTO_INCREMENT,
  `user_id` int(10) unsigned NOT NULL,
  `area_id` int(10) unsigned NOT NULL,
  `address` varchar(255) COLLATE utf8_unicode_ci NOT NULL,
  `created_at` timestamp NULL DEFAULT NULL,
  `updated_at` timestamp NULL DEFAULT NULL,
  PRIMARY KEY (`id`),
  KEY `useraddress_area_id_foreign` (`area_id`),
  KEY `useraddress_user_id_foreign` (`user_id`),
  CONSTRAINT `useraddress_area_id_foreign` FOREIGN KEY (`area_id`) REFERENCES `area` (`id`) ON DELETE CASCADE,
  CONSTRAINT `useraddress_user_id_foreign` FOREIGN KEY (`user_id`) REFERENCES `users` (`id`) ON DELETE CASCADE
) ENGINE=InnoDB DEFAULT CHARSET=utf8 COLLATE=utf8_unicode_ci;
/*!40101 SET character_set_client = @saved_cs_client */;

--
-- Dumping data for table `userAddress`
--

LOCK TABLES `userAddress` WRITE;
/*!40000 ALTER TABLE `userAddress` DISABLE KEYS */;
/*!40000 ALTER TABLE `userAddress` ENABLE KEYS */;
UNLOCK TABLES;

--
-- Table structure for table `users`
--

DROP TABLE IF EXISTS `users`;
/*!40101 SET @saved_cs_client     = @@character_set_client */;
/*!40101 SET character_set_client = utf8 */;
CREATE TABLE `users` (
  `id` int(10) unsigned NOT NULL AUTO_INCREMENT,
  `name` varchar(255) COLLATE utf8_unicode_ci NOT NULL,
  `email` varchar(255) COLLATE utf8_unicode_ci NOT NULL,
  `password` varchar(60) COLLATE utf8_unicode_ci NOT NULL,
  `remember_token` varchar(100) COLLATE utf8_unicode_ci DEFAULT NULL,
  `created_at` timestamp NOT NULL DEFAULT '0000-00-00 00:00:00',
  `updated_at` timestamp NOT NULL DEFAULT '0000-00-00 00:00:00',
  `mobilephone` varchar(255) COLLATE utf8_unicode_ci NOT NULL,
  `phone` varchar(255) COLLATE utf8_unicode_ci NOT NULL,
  `comsumptionAmount` int(11) NOT NULL,
  `stripe_active` tinyint(4) NOT NULL DEFAULT '0',
  `stripe_id` varchar(255) COLLATE utf8_unicode_ci DEFAULT NULL,
  `stripe_subscription` varchar(255) COLLATE utf8_unicode_ci DEFAULT NULL,
  `stripe_plan` varchar(100) COLLATE utf8_unicode_ci DEFAULT NULL,
  `last_four` varchar(4) COLLATE utf8_unicode_ci DEFAULT NULL,
  `trial_ends_at` timestamp NULL DEFAULT NULL,
  `subscription_ends_at` timestamp NULL DEFAULT NULL,
  PRIMARY KEY (`id`),
  UNIQUE KEY `users_email_unique` (`email`)
) ENGINE=InnoDB AUTO_INCREMENT=52 DEFAULT CHARSET=utf8 COLLATE=utf8_unicode_ci;
/*!40101 SET character_set_client = @saved_cs_client */;

--
-- Dumping data for table `users`
--

LOCK TABLES `users` WRITE;
/*!40000 ALTER TABLE `users` DISABLE KEYS */;
INSERT INTO `users` VALUES (1,'yewei','yeweicao@gmail.com','$2y$10$vwed7BVZvKtdXIqiKTAGm.AbgMZ/Xjyz34eluU1nwxLRXYiyNCs1q','p8nca6weOlhQdstAuzACUSgh7bHt3WbVCAm0v70FdSazLhjYSIYDOa7drD2V','2016-03-08 10:08:26','2017-02-11 16:02:20','','',0,0,NULL,NULL,NULL,NULL,NULL,NULL),(2,'Administrator','sam.yeweicao@gmail.com','$2y$10$6sp8ypX8c.zVbu8vV36ideA/Hic9qISenzTm1aUI9nV3aKmPG.sJS',NULL,'2016-03-14 22:13:28','2016-03-14 22:13:28','','',0,0,NULL,NULL,NULL,NULL,NULL,NULL),(3,'Qiuchan Cao','ccsam@gmail.com','$2y$10$XHSJreK4uVylMkvTfSQUh.K3LKxkFUeX2kLmwWgrjvXRmRLqJFxRS',NULL,'2016-10-17 23:07:05','2016-10-17 23:07:05','','',0,0,NULL,NULL,NULL,NULL,NULL,NULL),(4,'myname','yecao@gmail.com','$2y$10$WVIEnYeCxi3xNHje4uD1/Op3ahI.Gyerb1b42V0TLe.Jtff/KIniW','CB4oDXp8nd5pH6sXuXESoHSnMPy2fmeEvfj01RH1u45BiCrW0O5g7ma2xLU1','2016-10-18 10:08:03','2016-11-02 10:19:22','','',0,0,NULL,NULL,NULL,NULL,NULL,NULL),(5,'second','second@gmail.com','$2y$10$FbkY8AkU3ADopu1hFt/o/u5jKFLtanVN2aOkd5lteavum4/CZp1uC','sWOMoz86xazL7gYBA0KWwuwQ6EqtDK4PgpXEZcoHhwqIDClGowrvr0Zr1vQm','2016-10-18 10:10:32','2016-10-18 10:10:57','','021136987',0,0,NULL,NULL,NULL,NULL,NULL,NULL),(6,'noodle','noodle@gmail.com','$2y$10$n0mQTwdrRTIDjwSlE7nc5uzp807eXFlJrrlvwDRlyg7YHuuSyKbyy','EtUl1LmLzCj2KC6H6FSJm08vy03oBtZ414v9WDqmuPQlhlivinwzg6GjsVYq','2016-10-21 09:26:39','2016-10-21 09:28:48','','022312548',0,0,NULL,NULL,NULL,NULL,NULL,NULL),(7,'nname','nname@gmail.com','$2y$10$v4iYW1VBvbgL/tthEJsSfOKbTCquaDHYeTBkpW2G5oSlCPHb4VdaS','KvjK5DIkE04xvl10wVVQL4ipTAQIFU1NODooyiSJb1BnkjWyNU2pVh6R1YCG','2016-10-21 09:29:22','2016-10-21 09:32:39','','011254698',0,0,NULL,NULL,NULL,NULL,NULL,NULL),(8,'othername','other@gmail.com','$2y$10$al0w6hdzQpddOMZOAYsGTuKdjiDDsmy3ecHKrg3ltvue8.0MtPwPK','NLoTnq0qWk2xv304X9MXdlufRmzt4XeHitHkqrZcka7oRlt1smYWyN44nOu0','2016-10-21 09:33:05','2016-10-21 09:54:22','','012336547',0,0,NULL,NULL,NULL,NULL,NULL,NULL),(9,'lastname','lastname@gmail.com','$2y$10$RGGpRTp73J0qJmNGkXQkO.YIrAk1NrPB54ao9zS/nQjXStIIVXeD6','9TG3WwDkx6bew0S2N2mn58zgflGKsN1q9xZV6wRggoFnoJ4o2X0mGcRr0mrN','2016-10-21 09:54:43','2016-10-24 08:29:29','','0211458899',0,0,NULL,NULL,NULL,NULL,NULL,NULL),(22,'yesan','greatwork.c@gmail.com','$2y$10$OoPOg.oQYY0sVjuQgZhPh.LNkd3b3A9/1Z0Kfx9nLMOgADxKM7ZFG',NULL,'2016-11-21 16:36:08','2016-11-21 16:36:08','','211751199',0,0,NULL,NULL,NULL,NULL,NULL,NULL),(23,'Nigel Cowan','nigel.cowan@merco.co.nz','$2y$10$vAf8wu.wtMx1PYoQgb8QNuRah92MLwTZBCKK6qPiND.FjEvPxEX0q','lkzTG3xRx6It9KqNsSByBbww7H9qVxbS94EtJ2mKwjCwRdMcDDyYP0QpuQhV','2017-01-25 15:33:38','2017-04-16 13:59:55','','021905088',0,0,NULL,NULL,NULL,NULL,NULL,NULL),(24,'Emma','hargreaves_emma@hotmail.com','$2y$10$EV421oYwimX8IQ7WPA4/yu8AwUEIyYewOpzkkChWs/x6iM/8sNbHa',NULL,'2017-03-03 23:18:05','2017-03-03 23:18:05','','02102492874',0,0,NULL,NULL,NULL,NULL,NULL,NULL),(25,'Duncan Pollock','dtpollock@hotmail.co.nz','$2y$10$1hEW1iGs6j.JamcBPz6TAO66FXDtKpVhvPs6kfUQCvv8KjTageQTS','SJG3UHXK5XfusgH3Q8S3jfwJCsz4uJDsiZwnAuDIQlkr7ymAYrs66X4Iv6h7','2017-03-04 15:21:58','2017-03-04 15:28:21','','068449878',0,0,NULL,NULL,NULL,NULL,NULL,NULL),(26,'Duncan Pollock','dtandacpollock@gmail.com','$2y$10$.eUcLBYOPlNslOx5oQDQ5.jev65CS4tRKU2rbLtDn70qwHjp0kMLu','dCw8OI42y9jPbYtzTDdkrPideSZ0jTmLAuvsZlYu40ZkIKLHZnf2qkaBudWF','2017-03-04 15:31:07','2017-04-09 19:45:21','','068449878',0,0,NULL,NULL,NULL,NULL,NULL,NULL),(27,'Tracey Howell','howdytromp1@xtra.co.nz','$2y$10$bc6jC1cfF/xIaqvrt2cb5OW2v1ed/1vPEA9t3q.n6O99NDtxCJiW.',NULL,'2017-03-10 01:19:16','2017-03-10 01:19:16','','0212315558',0,0,NULL,NULL,NULL,NULL,NULL,NULL),(28,'Matt Glenny','proudstar81@yahoo.com','$2y$10$VPTt8KSZCO.4eaao.LN46eulczMsunGfB6cPJ0VjyQTlD8BhSq2wG',NULL,'2017-03-14 22:20:14','2017-03-14 22:20:14','','0211880225',0,0,NULL,NULL,NULL,NULL,NULL,NULL),(29,'Harry','bigm752003@yahoo.com','$2y$10$qhSVqlN6elF1CGLOEAiCq.qN8ygt6wd23V14Ba/2u8v52sZlYDE/a','EP05sNbMleKtHrBDZftBwQKus0esvHhyg8CcPMojS7e5gJe7VqTXpGcQjA7X','2017-03-18 21:25:52','2017-03-18 21:54:04','','068446796',0,0,NULL,NULL,NULL,NULL,NULL,NULL),(30,'Diana Strijdom','diana.strijdom@gmail.com','$2y$10$QIyOmEZAMOworvcSmlfWDO3GAqx5vIEiYT3h3KcbRYxkbrgnTpbQO','ILVZgwMQ8kU9chaJANv30uRFfT7qoVtW7C0mcOZZptMmGsqEBWIQCRQ7LG8b','2017-04-05 16:37:46','2017-04-19 22:22:09','','0272460242',0,0,NULL,NULL,NULL,NULL,NULL,NULL),(31,'Samantha','sammy.mcdowall@yahoo.co.nz','$2y$10$rzTRhJ4W1uvPQsKA/DscPOb4wzMZRPMFqxlNz.nZEwo0BEKtKCstq','9TNcvCw0G861Bi9oouTtFgTkb9fUeSOiA2SOskAXwX7oHfGp3ejaEkui90Tu','2017-04-13 22:57:16','2017-05-25 22:43:32','','0275461970',0,0,NULL,NULL,NULL,NULL,NULL,NULL),(32,'Jared','jaredpaul87@gmail.com','$2y$10$k5Yuoc.aObwCIFXi/SBdDuLmcdkzriOqNKr0xyMKakTB3YrYRaa1O',NULL,'2017-04-21 22:54:12','2017-04-21 22:54:12','','0278748518',0,0,NULL,NULL,NULL,NULL,NULL,NULL),(33,'Nigel shaw','nigel.shaw@gmail.com','$2y$10$i53Jq4MQyDr2I/Y2Bxn6T.yxx4IiqxdvKcRvi5cksIkRm8PiSqvm2',NULL,'2017-04-28 22:13:57','2017-04-28 22:13:57','','068454465',0,0,NULL,NULL,NULL,NULL,NULL,NULL),(34,'Tracey Wogan','traceywogan@xtra.co.nz','$2y$10$kjN0jIVEsRTqvGY.SQnfD.5Bz0ZCnq91XhO14Way0uWRwZT2b01cm','nPoLDHFRyZzW7oWWSzECFX7sFiCBtBvO96uOn8kbmfLfnvtB8IidJbxo3dZq','2017-05-02 23:36:18','2017-05-02 23:37:25','','021545547',0,0,NULL,NULL,NULL,NULL,NULL,NULL),(35,'Rochelle Allan','rochelleallan@live.com','$2y$10$d6Dq8yh24rdTKVROIMsOOekaIG7i6UDc9dHqQ7IE59Xf.DRARdfsy',NULL,'2017-05-11 22:11:09','2017-05-11 22:11:09','','0274483183',0,0,NULL,NULL,NULL,NULL,NULL,NULL),(36,'Ashlee sullivan','ashlee01@xtra.co.nz','$2y$10$QYDE6CFWMoT..l97H15HwOTFMkZDChSo1KJblNMInlvsRUX2vxzAC',NULL,'2017-05-11 22:31:34','2017-05-11 22:31:34','','0274234636',0,0,NULL,NULL,NULL,NULL,NULL,NULL),(37,'Liz Gibson ','lizisakiwi@gmail.com','$2y$10$pNskcU2A0TGwgq/KMOMlwOGzJuwENFFPJRpu1k/rKOmyu8zztr.3C','TSdCLoltEyfsIP2qXGN1BEWzyzvpcTqaBc870cVSiTuw2YRWZQzvWop9sCHP','2017-05-13 22:13:21','2017-06-22 22:23:15','','068447355',0,0,NULL,NULL,NULL,NULL,NULL,NULL),(38,'Emma','dolley@nowmail.co.nz','$2y$10$ElRAw7quHIr1YaKTmIorvuvDPBSJ4eWaWJtsXWITq1.pwkZknXPJm',NULL,'2017-05-21 21:03:46','2017-05-21 21:03:46','','0220867485',0,0,NULL,NULL,NULL,NULL,NULL,NULL),(39,'Anne White','born2ebay@gmail.com','$2y$10$a5PDhUFBjmy42Ne1CQvP1.drUuIbZm8hkT.wpjYvQduqnDILJvrMW',NULL,'2017-06-27 22:13:08','2017-06-27 22:13:08','','068454465',0,0,NULL,NULL,NULL,NULL,NULL,NULL),(40,'Helen Semmens','helensemmens88@gmail.com','$2y$10$lBr.GK7b8KLKFFomvItlue0Wj.PMZiqivogG8cRVDe9Uv0A9JON0G',NULL,'2017-08-19 21:56:44','2017-08-19 21:56:44','','276363172',0,0,NULL,NULL,NULL,NULL,NULL,NULL),(41,'Michelle Andrews','michelleandrewsnz@gmail.com','$2y$10$MoK8I/H.1PHGPb84kQmMD.7ztHhoRWku/QcUygtJQ2aqJLjqgx/Ve',NULL,'2017-08-21 21:04:07','2017-08-21 21:04:07','','0212538817',0,0,NULL,NULL,NULL,NULL,NULL,NULL),(42,'Jo Coles','jocolesnz@gmail.com','$2y$10$SWPxQZH6tGMnsQzfxaZ2lOHCNYuMcnmIwGOsAJ0cexAiuyNOgb8KC',NULL,'2017-08-25 22:08:36','2017-08-25 22:08:36','','0274492109',0,0,NULL,NULL,NULL,NULL,NULL,NULL),(43,'Neelesh ','sundarnz@hotmail.co.nz','$2y$10$IzqMqc0KSs6YX03SSShTS.0IXjEyPFe2lKJARLC.gBE/4/Wn2i5C.',NULL,'2017-08-31 21:07:11','2017-08-31 21:07:11','','02102217569',0,0,NULL,NULL,NULL,NULL,NULL,NULL),(44,'Claire','clairestewart55@hotmail.com','$2y$10$/FoiXmr01iwEQ1ootyrLwOkQxsx6XaNq3KHV9jOrngwmUl.UWXP/a',NULL,'2017-09-03 20:58:51','2017-09-03 20:58:51','','0279239461',0,0,NULL,NULL,NULL,NULL,NULL,NULL),(45,'Jim Robinson ','sjrobinson@nowmail.co.nz','$2y$10$htFG/ejG9ppiGlbFjTg15.ld0FXW.q2tp15hy5RsPraP2nkjNyjxm',NULL,'2017-09-07 21:08:36','2017-09-07 21:08:36','','068450660',0,0,NULL,NULL,NULL,NULL,NULL,NULL),(46,'Circe Hoffman','circehoffman@gmail.com','$2y$10$MT8iMPuAE9j8PS1IhTnVJuU5lhNvMnVh1ktbMz5Cs0WpNO4/yWvFe',NULL,'2017-09-11 22:48:39','2017-09-11 22:48:39','','0292007861',0,0,NULL,NULL,NULL,NULL,NULL,NULL),(47,'Rochelle owen','chelz2209@gmail.com','$2y$10$egvDlGmLlsJPwBM5t2aKy.er8ZMYpzwiEwi3aOfKDbu/6V7qqOGcG',NULL,'2017-09-29 23:48:31','2017-09-29 23:48:31','','0274409199',0,0,NULL,NULL,NULL,NULL,NULL,NULL),(48,'dominique','dominique.dipierro@usa.com','$2y$10$9Hpd.5xb9Z3KpyVeDdTDEeb4BLxHnvvY.zEG4eGySJzz3IxsD30Bq',NULL,'2017-10-10 06:36:15','2017-10-10 06:36:15','','12312312312',0,0,NULL,NULL,NULL,NULL,NULL,NULL),(49,'Michelle O\'Neill','mely_lambeth@hotmail.com','$2y$10$eK9gP4u.0towLUWnyfdR2e0O194lLZtuU5XxHqzFsV63M5pp9wayO',NULL,'2017-10-13 23:51:18','2017-10-13 23:51:18','','0226902939',0,0,NULL,NULL,NULL,NULL,NULL,NULL),(50,'Jenna','jennamabey@windowslive.com','$2y$10$J010l7LKfrp0Q7zT.eqzr.tQE8.Cy5aByzgrj2p4NurezhmRWgXRa',NULL,'2017-12-03 00:02:43','2017-12-03 00:02:43','','0212662056',0,0,NULL,NULL,NULL,NULL,NULL,NULL),(51,'Bruce Smith','poolesmith@xtra.co.nz','$2y$10$0d3nuTM321.2JHy0Jwp4peSjz/dOddmClBQ8N8qzO03EyJpSgv4C6',NULL,'2017-12-18 00:45:53','2017-12-18 00:45:53','','0274054947',0,0,NULL,NULL,NULL,NULL,NULL,NULL);
/*!40000 ALTER TABLE `users` ENABLE KEYS */;
UNLOCK TABLES;
/*!40103 SET TIME_ZONE=@OLD_TIME_ZONE */;

/*!40101 SET SQL_MODE=@OLD_SQL_MODE */;
/*!40014 SET FOREIGN_KEY_CHECKS=@OLD_FOREIGN_KEY_CHECKS */;
/*!40014 SET UNIQUE_CHECKS=@OLD_UNIQUE_CHECKS */;
/*!40101 SET CHARACTER_SET_CLIENT=@OLD_CHARACTER_SET_CLIENT */;
/*!40101 SET CHARACTER_SET_RESULTS=@OLD_CHARACTER_SET_RESULTS */;
/*!40101 SET COLLATION_CONNECTION=@OLD_COLLATION_CONNECTION */;
/*!40111 SET SQL_NOTES=@OLD_SQL_NOTES */;

-- Dump completed on 2017-12-24 23:08:38
